Workbook
Name Candle: Mnu!$K$2:$K$61
Name CFL: Mnu!$J$2:$J$61
Name FTL: Mnu!$I$2:$I$61
Name Halogen: Mnu!$O$2:$O$61
Name HPS: Mnu!$P$2:$P$61
Name Incandescent: Mnu!$N$2:$N$61
Name LED_Bulb: Mnu!$S$2:$S$61
Name LED_Candle_Light: Mnu!$Z$2:$Z$61
Name LED_Downlight: Mnu!$U$2:$U$61
Name LED_Flood_Light: Mnu!$V$2:$V$61
Name LED_High_Bay: Mnu!$W$2:$W$61
Name LED_Panel_light: Mnu!$T$2:$T$61
Name LED_Spot_Light: Mnu!$R$2:$R$61
Name LED_Stick: Mnu!$Y$2:$Y$61
Name LED_Street_Light: Mnu!$X$2:$X$61
Name LED_Tube: Mnu!$Q$2:$Q$61
Name MH: Mnu!$L$2:$L$61
Name MV: Mnu!$M$2:$M$61

Sheet Project_Info

Sheet Instr.
C2: General instruction mentioned below to fill the sheet and Calculate savings.
C3: Please follow the below steps:
B5: Site Survey & Collection of the Light details
B6: Step 1
D7: Survey shall be done for all building in project scope.
C8: Light_Selection | D8: Start by filling out the Light_Selection Tab. This tab includes all registerd old models and also all registered new models. Just selected the existing old model and proposed replLightement.
D9: If models do not exist contLightt the Technical team
B11: Fill out the Sheet "OH"
B12: Step 2 | C12: OH | D12: Fill out the Operating Hours tab based on the approved operating hours by area and location recived from the entity. The
D13: Do not change any values on these cells.
D14: Identify the areas, location, building names, usage for all buildings under the scope.This will be reflected in the savings sheet.
D15: Sheet shall fill only with unique information like Building Name ,unique spLighte type and unique operation hours for the Light.
D16: If the building has multiple Light's with same spLighte type and same operation hours fill it once under the building Name.
D17: Identify the operating hours from 00:00:00 AM to 23:59:00 PM for all areas based on the letter from the entity or site collected information.
D18: Fillout no of days Light working per week & no of weeks Light working per year.
D19: If Light's are not operating during vLightation / off days, fill only working weeks and mention which weeks are not in operation.
B21: Fill out the Sheet "Light_Savings"
B22: Step 3
C23: Light_Savings | D23: Fill these cells based on site collected information as instructed below.
D24: Do not change any values on these cells.
D25: all values will be automatically generated.
D26: Select "Building Name" from dropdown list, followed by location description which contains spLighte type ,these location are only for the selcted building, other details will be autogenerated linked to OH table.
D27: Fillout above selected spLighte Floor no and existing Light area served in sq. meter.
D28: Fillout existing Light qty in that spLighte. Qty can be merged together if the spLighte type, Light opertaion timing and existing model specification are same.

Sheet Light_Selection
A1: S.N | B1: Baseline Unit Type | C1: Baseline Unit Description | D1: LED/Conv. | E1: Lamp/Fix | F1: Lamp Wattage | G1: Lumens | H1: Fixure Wattage | I1: Project Unit Type | J1: Lamp Load (W) | K1: Lumens | L1: CCT | M1: Model # | N1: Lamp/Fix. | O1: Fixure Wattage | P1: Savings% | Q1: Tarshid's Comments - R0 (x.xx.xxxx) | R1: ESCO Reply - R0 (x.xx.xxxx) | S1: Tarshid's Comments - R1 (x.xx.xxxx) | T1: ESCO Reply - R1 (xx.xx.xxxx) | U1: SN
A2: =U2&"- "&B2&"-"&F2&"W" -> 1- LED_Candle_Light-5W | B2: LED_Candle_Light | C2: LED_Candle_Light-E14-1X-5W | D2: {=IFERROR(VLOOKUP(C2,Old_Model_Registry!$B$2:$K$500,{3,10,8,9},0),"")} -> LED | E2: 1 | F2: 5 | G2: 350 | H2: =E2*F2 -> 5 | I2: LED Candle Light-Honeywell-E14-5W-4000K-500Lm | J2: {=IF(I2="No-Retrofit",F2,IFERROR(VLOOKUP(I2,Vstack!$A$2:$L$1000,{8},0),""))} -> 5 | K2: {=IF(I2="No-Retrofit",F2,IFERROR(VLOOKUP(I2,Vstack!$A$2:$L$1000,{9},0)*N2,""))} -> 500 | L2: {=IF(I2="No-Retrofit",F2,IFERROR(VLOOKUP(I2,Vstack!$A$2:$L$1000,{10,4},0),""))} -> 4000 | M2: Ess Candle 5W 4000K B35 220-240V E14 IP20 ND | N2: 1 | O2: =IFERROR(N2*J2,"") -> 5 | P2: =IFERROR(-(O2/H2-1),"") -> 0 | U2: 1
A3: =U3&"- "&B3&"-"&F3&"W" -> 2- CFL-35W | B3: CFL | C3: Conv-CFL-4Pin-1X-35W | D3: {=IFERROR(VLOOKUP(C3,Old_Model_Registry!$B$2:$K$500,{3,10,8,9},0),"")} -> Conv | E3: 1 | F3: 35 | G3: 1750 | H3: =E3*F3 -> 35 | I3: LED Bulb-Honeywell-E27-17.7W-4000K-1770Lm | J3: {=IF(I3="No-Retrofit",F3,IFERROR(VLOOKUP(I3,Vstack!$A$2:$L$1000,{8},0),""))} -> 17.7 | K3: {=IF(I3="No-Retrofit",F3,IFERROR(VLOOKUP(I3,Vstack!$A$2:$L$1000,{9},0)*N3,""))} -> 1770 | L3: {=IF(I3="No-Retrofit",F3,IFERROR(VLOOKUP(I3,Vstack!$A$2:$L$1000,{10,4},0),""))} -> 4000 | M3: Ess Bulb 17.7W 4000K A65 220-240V E27 IP20 ND | N3: 1 | O3: =IFERROR(N3*J3,"") -> 17.7 | P3: =IFERROR(-(O3/H3-1),"") -> 0.49428571 | U3: 2
A4: =U4&"- "&B4&"-"&F4&"W" -> 3- CFL-12W | B4: CFL | C4: Conv-CFL-E27-1X-12W | D4: {=IFERROR(VLOOKUP(C4,Old_Model_Registry!$B$2:$K$500,{3,10,8,9},0),"")} -> Conv | E4: 1 | F4: 12 | G4: 600 | H4: =E4*F4 -> 12 | I4: LED Stick-Honeywell-E27-7W-4000K-840Lm | J4: {=IF(I4="No-Retrofit",F4,IFERROR(VLOOKUP(I4,Vstack!$A$2:$L$1000,{8},0),""))} -> 7 | K4: {=IF(I4="No-Retrofit",F4,IFERROR(VLOOKUP(I4,Vstack!$A$2:$L$1000,{9},0)*N4,""))} -> 840 | L4: {=IF(I4="No-Retrofit",F4,IFERROR(VLOOKUP(I4,Vstack!$A$2:$L$1000,{10,4},0),""))} -> 4000 | M4: Ess Stick 7W 4000K T36 100-240V E27 IP20 ND | N4: 1 | O4: =IFERROR(N4*J4,"") -> 7 | P4: =IFERROR(-(O4/H4-1),"") -> 0.41666667 | U4: 3
A5: =U5&"- "&B5&"-"&F5&"W" -> 4- CFL-15W | B5: CFL | C5: Conv-CFL-E27-1X-15W | D5: {=IFERROR(VLOOKUP(C5,Old_Model_Registry!$B$2:$K$500,{3,10,8,9},0),"")} -> Conv | E5: 1 | F5: 15 | G5: 750 | H5: =E5*F5 -> 15 | I5: LED Stick-Honeywell-E27-7W-4000K-840Lm | J5: {=IF(I5="No-Retrofit",F5,IFERROR(VLOOKUP(I5,Vstack!$A$2:$L$1000,{8},0),""))} -> 7 | K5: {=IF(I5="No-Retrofit",F5,IFERROR(VLOOKUP(I5,Vstack!$A$2:$L$1000,{9},0)*N5,""))} -> 840 | L5: {=IF(I5="No-Retrofit",F5,IFERROR(VLOOKUP(I5,Vstack!$A$2:$L$1000,{10,4},0),""))} -> 4000 | M5: Ess Stick 7W 4000K T36 100-240V E27 IP20 ND | N5: 1 | O5: =IFERROR(N5*J5,"") -> 7 | P5: =IFERROR(-(O5/H5-1),"") -> 0.53333333 | U5: 4
A6: =U6&"- "&B6&"-"&F6&"W" -> 5- CFL-18W | B6: CFL | C6: Conv-CFL-E27-1X-18W | D6: {=IFERROR(VLOOKUP(C6,Old_Model_Registry!$B$2:$K$500,{3,10,8,9},0),"")} -> Conv | E6: 1 | F6: 18 | G6: 900 | H6: =E6*F6 -> 18 | I6: LED Stick-Honeywell-E27-9W-4000K-1080Lm | J6: {=IF(I6="No-Retrofit",F6,IFERROR(VLOOKUP(I6,Vstack!$A$2:$L$1000,{8},0),""))} -> 9 | K6: {=IF(I6="No-Retrofit",F6,IFERROR(VLOOKUP(I6,Vstack!$A$2:$L$1000,{9},0)*N6,""))} -> 1080 | L6: {=IF(I6="No-Retrofit",F6,IFERROR(VLOOKUP(I6,Vstack!$A$2:$L$1000,{10,4},0),""))} -> 4000 | M6: Ess Stick 9W 4000K T36 100-240V E27 IP20 ND | N6: 1 | O6: =IFERROR(N6*J6,"") -> 9 | P6: =IFERROR(-(O6/H6-1),"") -> 0.5 | U6: 5
A7: =U7&"- "&B7&"-"&F7&"W" -> 6- CFL-20W | B7: CFL | C7: Conv-CFL-E27-1X-20W | D7: {=IFERROR(VLOOKUP(C7,Old_Model_Registry!$B$2:$K$500,{3,10,8,9},0),"")} -> Conv | E7: 1 | F7: 20 | G7: 1000 | H7: =E7*F7 -> 20 | I7: LED Stick-Honeywell-E27-9W-4000K-1080Lm | J7: {=IF(I7="No-Retrofit",F7,IFERROR(VLOOKUP(I7,Vstack!$A$2:$L$1000,{8},0),""))} -> 9 | K7: {=IF(I7="No-Retrofit",F7,IFERROR(VLOOKUP(I7,Vstack!$A$2:$L$1000,{9},0)*N7,""))} -> 1080 | L7: {=IF(I7="No-Retrofit",F7,IFERROR(VLOOKUP(I7,Vstack!$A$2:$L$1000,{10,4},0),""))} -> 4000 | M7: Ess Stick 9W 4000K T36 100-240V E27 IP20 ND | N7: 1 | O7: =IFERROR(N7*J7,"") -> 9 | P7: =IFERROR(-(O7/H7-1),"") -> 0.55 | U7: 6
A8: =U8&"- "&B8&"-"&F8&"W" -> 7- CFL-23W | B8: CFL | C8: Conv-CFL-E27-1X-23W | D8: {=IFERROR(VLOOKUP(C8,Old_Model_Registry!$B$2:$K$500,{3,10,8,9},0),"")} -> Conv | E8: 1 | F8: 23 | G8: 1150 | H8: =E8*F8 -> 23 | I8: LED Stick-Honeywell-E27-10W-4000K-1200Lm | J8: {=IF(I8="No-Retrofit",F8,IFERROR(VLOOKUP(I8,Vstack!$A$2:$L$1000,{8},0),""))} -> 10 | K8: {=IF(I8="No-Retrofit",F8,IFERROR(VLOOKUP(I8,Vstack!$A$2:$L$1000,{9},0)*N8,""))} -> 1200 | L8: {=IF(I8="No-Retrofit",F8,IFERROR(VLOOKUP(I8,Vstack!$A$2:$L$1000,{10,4},0),""))} -> 4000 | M8: Ess Stick 10W 4000K T36 100-240V E27 IP20 ND | N8: 1 | O8: =IFERROR(N8*J8,"") -> 10 | P8: =IFERROR(-(O8/H8-1),"") -> 0.56521739 | U8: 7
A9: =U9&"- "&B9&"-"&F9&"W" -> 8- CFL-40W | B9: CFL | C9: Conv-CFL-E27-1X-40W | D9: {=IFERROR(VLOOKUP(C9,Old_Model_Registry!$B$2:$K$500,{3,10,8,9},0),"")} -> Conv | E9: 1 | F9: 40 | G9: 2000 | H9: =E9*F9 -> 40 | I9: LED HQL-Osram-E27-16W-4000K-2000Lm | J9: {=IF(I9="No-Retrofit",F9,IFERROR(VLOOKUP(I9,Vstack!$A$2:$L$1000,{8},0),""))} -> 16 | K9: {=IF(I9="No-Retrofit",F9,IFERROR(VLOOKUP(I9,Vstack!$A$2:$L$1000,{9},0)*N9,""))} -> 2000 | L9: {=IF(I9="No-Retrofit",F9,IFERROR(VLOOKUP(I9,Vstack!$A$2:$L$1000,{10,4},0),""))} -> 4000 | M9: HQLLED200016W/840230VPROE276X1G3KSAOSRAM | N9: 1 | O9: =IFERROR(N9*J9,"") -> 16 | P9: =IFERROR(-(O9/H9-1),"") -> 0.6 | U9: 8
A10: =U10&"- "&B10&"-"&F10&"W" -> 9- CFL-70W | B10: CFL | C10: Conv-CFL-E27-1X-70W | D10: {=IFERROR(VLOOKUP(C10,Old_Model_Registry!$B$2:$K$500,{3,10,8,9},0),"")} -> Conv | E10: 1 | F10: 70 | G10: 3500 | H10: =E10*F10 -> 70 | I10: LED High Watt Bulb-Honeywell-E27-25W-4000K-4375Lm | J10: {=IF(I10="No-Retrofit",F10,IFERROR(VLOOKUP(I10,Vstack!$A$2:$L$1000,{8},0),""))} -> 25 | K10: {=IF(I10="No-Retrofit",F10,IFERROR(VLOOKUP(I10,Vstack!$A$2:$L$1000,{9},0)*N10,""))} -> 4375 | L10: {=IF(I10="No-Retrofit",F10,IFERROR(VLOOKUP(I10,Vstack!$A$2:$L$1000,{10,4},0),""))} -> 4000 | M10: Ult HLL 25W 4000K 100-240V E27 IP65 ND | N10: 1 | O10: =IFERROR(N10*J10,"") -> 25 | P10: =IFERROR(-(O10/H10-1),"") -> 0.64285714 | U10: 9
A11: =U11&"- "&B11&"-"&F11&"W" -> 10- FTL-18W | B11: FTL | C11: Conv-FTL-T8-0.6M-1X-18W | D11: {=IFERROR(VLOOKUP(C11,Old_Model_Registry!$B$2:$K$500,{3,10,8,9},0),"")} -> Conv | E11: 1 | F11: 18 | G11: 900 | H11: =E11*F11 -> 18 | I11: LED Tube-Honeywell-T8-5.2W-4000K-1000Lm | J11: {=IF(I11="No-Retrofit",F11,IFERROR(VLOOKUP(I11,Vstack!$A$2:$L$1000,{8},0),""))} -> 5.2 | K11: {=IF(I11="No-Retrofit",F11,IFERROR(VLOOKUP(I11,Vstack!$A$2:$L$1000,{9},0)*N11,""))} -> 1000 | L11: {=IF(I11="No-Retrofit",F11,IFERROR(VLOOKUP(I11,Vstack!$A$2:$L$1000,{10,4},0),""))} -> 4000 | M11: Ult TLED T8 5.2W 4000K 60cm G13 IP20 ND | N11: 1 | O11: =IFERROR(N11*J11,"") -> 5.2 | P11: =IFERROR(-(O11/H11-1),"") -> 0.71111111 | U11: 10
A12: =U12&"- "&B12&"-"&F12&"W" -> 11- FTL-20W | B12: FTL | C12: Conv-FTL-T8-0.6M-1X-20W | D12: {=IFERROR(VLOOKUP(C12,Old_Model_Registry!$B$2:$K$500,{3,10,8,9},0),"")} -> Conv | E12: 1 | F12: 20 | G12: 1000 | H12: =E12*F12 -> 20 | I12: LED Tube-Honeywell-T8-5.2W-4000K-1000Lm | J12: {=IF(I12="No-Retrofit",F12,IFERROR(VLOOKUP(I12,Vstack!$A$2:$L$1000,{8},0),""))} -> 5.2 | K12: {=IF(I12="No-Retrofit",F12,IFERROR(VLOOKUP(I12,Vstack!$A$2:$L$1000,{9},0)*N12,""))} -> 1000 | L12: {=IF(I12="No-Retrofit",F12,IFERROR(VLOOKUP(I12,Vstack!$A$2:$L$1000,{10,4},0),""))} -> 4000 | M12: Ult TLED T8 5.2W 4000K 60cm G13 IP20 ND | N12: 1 | O12: =IFERROR(N12*J12,"") -> 5.2 | P12: =IFERROR(-(O12/H12-1),"") -> 0.74 | U12: 11
A13: =U13&"- "&B13&"-"&F13&"W" -> 12- FTL-14W | B13: FTL | C13: Conv-FTL-T8-1.2M-1X-14W | D13: {=IFERROR(VLOOKUP(C13,Old_Model_Registry!$B$2:$K$500,{3,10,8,9},0),"")} -> Conv | E13: 1 | F13: 14 | G13: 700 | H13: =E13*F13 -> 14 | I13: LED Tube-Honeywell-T8-8.7W-4000K-1800Lm | J13: {=IF(I13="No-Retrofit",F13,IFERROR(VLOOKUP(I13,Vstack!$A$2:$L$1000,{8},0),""))} -> 8.7 | K13: {=IF(I13="No-Retrofit",F13,IFERROR(VLOOKUP(I13,Vstack!$A$2:$L$1000,{9},0)*N13,""))} -> 1800 | L13: {=IF(I13="No-Retrofit",F13,IFERROR(VLOOKUP(I13,Vstack!$A$2:$L$1000,{10,4},0),""))} -> 4000 | M13: Ult TLED T8 8.7W 4000K 120cm G13 IP20 ND | N13: 1 | O13: =IFERROR(N13*J13,"") -> 8.7 | P13: =IFERROR(-(O13/H13-1),"") -> 0.37857143 | U13: 12
... A67: =U67&"- "&B67&"-"&F67&"W" -> 66- LED_Tube-10W | B67: LED_Tube | C67: LED_Tube--0.6M-1X-10W | D67: {=IFERROR(VLOOKUP(C67,Old_Model_Registry!$B$2:$K$500,{3,10,8,9},0),"")} -> LED | E67: 1 | F67: 10 | G67: 750 | H67: =E67*F67 -> 10 | I67: LED Tube-Honeywell-T8-5.2W-4000K-1000Lm | J67: {=IF(I67="No-Retrofit",F67,IFERROR(VLOOKUP(I67,Vstack!$A$2:$L$1000,{8},0),""))} -> 5.2 | K67: {=IF(I67="No-Retrofit",F67,IFERROR(VLOOKUP(I67,Vstack!$A$2:$L$1000,{9},0)*N67,""))} -> 1000 | L67: {=IF(I67="No-Retrofit",F67,IFERROR(VLOOKUP(I67,Vstack!$A$2:$L$1000,{10,4},0),""))} -> 4000 | M67: Ult TLED T8 5.2W 4000K 60cm G13 IP20 ND | N67: 1 | O67: =IFERROR(N67*J67,"") -> 5.2 | P67: =IFERROR(-(O67/H67-1),"") -> 0.48 | U67: 66
A68: =U68&"- "&B68&"-"&F68&"W" -> 67- -W | D68: {=IFERROR(VLOOKUP(C68,Old_Model_Registry!$B$2:$K$500,{3,10,8,9},0),"")} | H68: =E68*F68 -> 0 | J68: {=IF(I68="No-Retrofit",F68,IFERROR(VLOOKUP(I68,Vstack!$A$2:$L$1000,{8},0),""))} | K68: {=IF(I68="No-Retrofit",F68,IFERROR(VLOOKUP(I68,Vstack!$A$2:$L$1000,{9},0)*N68,""))} | L68: {=IF(I68="No-Retrofit",F68,IFERROR(VLOOKUP(I68,Vstack!$A$2:$L$1000,{10,4},0),""))} | O68: =IFERROR(N68*J68,"") | P68: =IFERROR(-(O68/H68-1),"") | U68: 67
A69: =U69&"- "&B69&"-"&F69&"W" -> 68- -W | D69: {=IFERROR(VLOOKUP(C69,Old_Model_Registry!$B$2:$K$500,{3,10,8,9},0),"")} | H69: =E69*F69 -> 0 | J69: {=IF(I69="No-Retrofit",F69,IFERROR(VLOOKUP(I69,Vstack!$A$2:$L$1000,{8},0),""))} | K69: {=IF(I69="No-Retrofit",F69,IFERROR(VLOOKUP(I69,Vstack!$A$2:$L$1000,{9},0)*N69,""))} | L69: {=IF(I69="No-Retrofit",F69,IFERROR(VLOOKUP(I69,Vstack!$A$2:$L$1000,{10,4},0),""))} | O69: =IFERROR(N69*J69,"") | P69: =IFERROR(-(O69/H69-1),"") | U69: 68
A70: =U70&"- "&B70&"-"&F70&"W" -> 69- -W | D70: {=IFERROR(VLOOKUP(C70,Old_Model_Registry!$B$2:$K$500,{3,10,8,9},0),"")} | H70: =E70*F70 -> 0 | J70: {=IF(I70="No-Retrofit",F70,IFERROR(VLOOKUP(I70,Vstack!$A$2:$L$1000,{8},0),""))} | K70: {=IF(I70="No-Retrofit",F70,IFERROR(VLOOKUP(I70,Vstack!$A$2:$L$1000,{9},0)*N70,""))} | L70: {=IF(I70="No-Retrofit",F70,IFERROR(VLOOKUP(I70,Vstack!$A$2:$L$1000,{10,4},0),""))} | O70: =IFERROR(N70*J70,"") | P70: =IFERROR(-(O70/H70-1),"") | U70: 69
A71: =U71&"- "&B71&"-"&F71&"W" -> 70- -W | D71: {=IFERROR(VLOOKUP(C71,Old_Model_Registry!$B$2:$K$500,{3,10,8,9},0),"")} | H71: =E71*F71 -> 0 | J71: {=IF(I71="No-Retrofit",F71,IFERROR(VLOOKUP(I71,Vstack!$A$2:$L$1000,{8},0),""))} | K71: {=IF(I71="No-Retrofit",F71,IFERROR(VLOOKUP(I71,Vstack!$A$2:$L$1000,{9},0)*N71,""))} | L71: {=IF(I71="No-Retrofit",F71,IFERROR(VLOOKUP(I71,Vstack!$A$2:$L$1000,{10,4},0),""))} | O71: =IFERROR(N71*J71,"") | P71: =IFERROR(-(O71/H71-1),"") | U71: 70
A72: =U72&"- "&B72&"-"&F72&"W" -> 71- -W | D72: {=IFERROR(VLOOKUP(C72,Old_Model_Registry!$B$2:$K$500,{3,10,8,9},0),"")} | H72: =E72*F72 -> 0 | J72: {=IF(I72="No-Retrofit",F72,IFERROR(VLOOKUP(I72,Vstack!$A$2:$L$1000,{8},0),""))} | K72: {=IF(I72="No-Retrofit",F72,IFERROR(VLOOKUP(I72,Vstack!$A$2:$L$1000,{9},0)*N72,""))} | L72: {=IF(I72="No-Retrofit",F72,IFERROR(VLOOKUP(I72,Vstack!$A$2:$L$1000,{10,4},0),""))} | O72: =IFERROR(N72*J72,"") | P72: =IFERROR(-(O72/H72-1),"") | U72: 71
A73: =U73&"- "&B73&"-"&F73&"W" -> 72- -W | D73: {=IFERROR(VLOOKUP(C73,Old_Model_Registry!$B$2:$K$500,{3,10,8,9},0),"")} | H73: =E73*F73 -> 0 | J73: {=IF(I73="No-Retrofit",F73,IFERROR(VLOOKUP(I73,Vstack!$A$2:$L$1000,{8},0),""))} | K73: {=IF(I73="No-Retrofit",F73,IFERROR(VLOOKUP(I73,Vstack!$A$2:$L$1000,{9},0)*N73,""))} | L73: {=IF(I73="No-Retrofit",F73,IFERROR(VLOOKUP(I73,Vstack!$A$2:$L$1000,{10,4},0),""))} | O73: =IFERROR(N73*J73,"") | P73: =IFERROR(-(O73/H73-1),"") | U73: 72
A74: =U74&"- "&B74&"-"&F74&"W" -> 73- -W | D74: {=IFERROR(VLOOKUP(C74,Old_Model_Registry!$B$2:$K$500,{3,10,8,9},0),"")} | H74: =E74*F74 -> 0 | J74: {=IF(I74="No-Retrofit",F74,IFERROR(VLOOKUP(I74,Vstack!$A$2:$L$1000,{8},0),""))} | K74: {=IF(I74="No-Retrofit",F74,IFERROR(VLOOKUP(I74,Vstack!$A$2:$L$1000,{9},0)*N74,""))} | L74: {=IF(I74="No-Retrofit",F74,IFERROR(VLOOKUP(I74,Vstack!$A$2:$L$1000,{10,4},0),""))} | O74: =IFERROR(N74*J74,"") | P74: =IFERROR(-(O74/H74-1),"") | U74: 73
A75: =U75&"- "&B75&"-"&F75&"W" -> 74- -W | D75: {=IFERROR(VLOOKUP(C75,Old_Model_Registry!$B$2:$K$500,{3,10,8,9},0),"")} | H75: =E75*F75 -> 0 | J75: {=IF(I75="No-Retrofit",F75,IFERROR(VLOOKUP(I75,Vstack!$A$2:$L$1000,{8},0),""))} | K75: {=IF(I75="No-Retrofit",F75,IFERROR(VLOOKUP(I75,Vstack!$A$2:$L$1000,{9},0)*N75,""))} | L75: {=IF(I75="No-Retrofit",F75,IFERROR(VLOOKUP(I75,Vstack!$A$2:$L$1000,{10,4},0),""))} | O75: =IFERROR(N75*J75,"") | P75: =IFERROR(-(O75/H75-1),"") | U75: 74
A76: =U76&"- "&B76&"-"&F76&"W" -> 75- -W | D76: {=IFERROR(VLOOKUP(C76,Old_Model_Registry!$B$2:$K$500,{3,10,8,9},0),"")} | H76: =E76*F76 -> 0 | J76: {=IF(I76="No-Retrofit",F76,IFERROR(VLOOKUP(I76,Vstack!$A$2:$L$1000,{8},0),""))} | K76: {=IF(I76="No-Retrofit",F76,IFERROR(VLOOKUP(I76,Vstack!$A$2:$L$1000,{9},0)*N76,""))} | L76: {=IF(I76="No-Retrofit",F76,IFERROR(VLOOKUP(I76,Vstack!$A$2:$L$1000,{10,4},0),""))} | O76: =IFERROR(N76*J76,"") | P76: =IFERROR(-(O76/H76-1),"") | U76: 75
A77: =U77&"- "&B77&"-"&F77&"W" -> 76- -W | D77: {=IFERROR(VLOOKUP(C77,Old_Model_Registry!$B$2:$K$500,{3,10,8,9},0),"")} | H77: =E77*F77 -> 0 | J77: {=IF(I77="No-Retrofit",F77,IFERROR(VLOOKUP(I77,Vstack!$A$2:$L$1000,{8},0),""))} | K77: {=IF(I77="No-Retrofit",F77,IFERROR(VLOOKUP(I77,Vstack!$A$2:$L$1000,{9},0)*N77,""))} | L77: {=IF(I77="No-Retrofit",F77,IFERROR(VLOOKUP(I77,Vstack!$A$2:$L$1000,{10,4},0),""))} | O77: =IFERROR(N77*J77,"") | P77: =IFERROR(-(O77/H77-1),"") | U77: 76
A78: =U78&"- "&B78&"-"&F78&"W" -> 77- -W | D78: {=IFERROR(VLOOKUP(C78,Old_Model_Registry!$B$2:$K$500,{3,10,8,9},0),"")} | H78: =E78*F78 -> 0 | J78: {=IF(I78="No-Retrofit",F78,IFERROR(VLOOKUP(I78,Vstack!$A$2:$L$1000,{8},0),""))} | K78: {=IF(I78="No-Retrofit",F78,IFERROR(VLOOKUP(I78,Vstack!$A$2:$L$1000,{9},0)*N78,""))} | L78: {=IF(I78="No-Retrofit",F78,IFERROR(VLOOKUP(I78,Vstack!$A$2:$L$1000,{10,4},0),""))} | O78: =IFERROR(N78*J78,"") | P78: =IFERROR(-(O78/H78-1),"") | U78: 77
A79: =U79&"- "&B79&"-"&F79&"W" -> 78- -W | D79: {=IFERROR(VLOOKUP(C79,Old_Model_Registry!$B$2:$K$500,{3,10,8,9},0),"")} | H79: =E79*F79 -> 0 | J79: {=IF(I79="No-Retrofit",F79,IFERROR(VLOOKUP(I79,Vstack!$A$2:$L$1000,{8},0),""))} | K79: {=IF(I79="No-Retrofit",F79,IFERROR(VLOOKUP(I79,Vstack!$A$2:$L$1000,{9},0)*N79,""))} | L79: {=IF(I79="No-Retrofit",F79,IFERROR(VLOOKUP(I79,Vstack!$A$2:$L$1000,{10,4},0),""))} | O79: =IFERROR(N79*J79,"") | P79: =IFERROR(-(O79/H79-1),"") | U79: 78
... A501: =U501&"- "&B501&"-"&F501&"W" -> 500- -W | D501: {=IFERROR(VLOOKUP(C501,Old_Model_Registry!$B$2:$K$500,{3,10,8,9},0),"")} | H501: =E501*F501 -> 0 | J501: {=IF(I501="No-Retrofit",F501,IFERROR(VLOOKUP(I501,Vstack!$A$2:$L$1000,{8},0),""))} | K501: {=IF(I501="No-Retrofit",F501,IFERROR(VLOOKUP(I501,Vstack!$A$2:$L$1000,{9},0)*N501,""))} | L501: {=IF(I501="No-Retrofit",F501,IFERROR(VLOOKUP(I501,Vstack!$A$2:$L$1000,{10,4},0),""))} | O501: =IFERROR(N501*J501,"") | P501: =IFERROR(-(O501/H501-1),"") | U501: 500

Sheet OH
A1: For Coding Use do not erase | B1: # | C1: City | D1: Entity Name | E1: Facility Location | F1: Zone/Building Number/Coordinates | G1: Others (Example. Coordinates) | H1: Building Name | I1: Combined Value | J1: Space type | K1: Operating hours (Start time) | L1: Operating hours ( End time) | M1: أيام العمل الفعلية أسبوعياً /Working days per week | N1: عدد الاسابيع في السنة /Weeks per year | O1: Operating hours refrence | P1: التشغيل / سنة /Operating hours per year | Q1: EFLH

Sheet Light_Savings
J1: ESM | K1: BOQ | L1: Baseline Lighting Consumption (kWh) | M1: Project Lighting Consumption(kWh) | N1: Energy Savings (kWh) | O1: % Savings
J2: Lighting Replacement Conventional to LED | K2: =SUMIFS($V$12:$V$5011,$R$12:$R$5011,"<>No-Retrofit",$K$12:$K$5011,"Conv") | L2: =SUMIFS($Q$12:$Q$5011,$R$12:$R$5011,"<>No-Retrofit",$K$12:$K$5011,"Conv") | M2: =IFERROR((L5-N5),"") | N2: =SUMIF($K$12:$K$5011,"Conv",$Z$12:$Z$5011) | O2: =IFERROR(N2/L2," ")
J3: Lighting Replacement LED to LED | K3: =SUMIFS($V$12:$V$5011,$K$12:$K$5011,"LED",$R$12:$R$5011,"<>No-Retrofit") | L3: =SUMIFS($Q$12:$Q$5011,$K$12:$K$5011,"LED",$R$12:$R$5011,"<>No-Retrofit") | N3: =SUMIF($K$12:$K$5011,"LED",$Z$12:$Z$5011) | O3: =IFERROR(N3/L3," ")
J4: Lighting Control | K4: =+AC10 | L4: =AD10 | N4: =+AE10 | O4: =IFERROR(N4/L4," ")
J5: Total | K5: =SUM(K2:K3) | L5: =SUM(L2:L3) | N5: =+IFERROR(SUM(N2:N4),"") | O5: =N5/L5
A10: Summary | I10: =SUMIF($R$12:$R$5011,"<>No-Retrofit",$I$12:$I$5011) | O10: =SUMIF($R$12:$R$5011,"<>No-Retrofit",$O$12:$O$5011) | P10: =SUMIF($R$12:$R$5011,"<>No-Retrofit",$P$12:$P$5011) | Q10: =SUMIF($R$12:$R$5011,"<>No-Retrofit",$Q$12:$Q$5011) | V10: =SUMIF($R$12:$R$5011,"<>No-Retrofit",$V$12:$V$5011) | X10: =SUM(Light_Savings!$X$12:$X$5011) | Y10: =SUMIF($R$12:$R$5011,"<>No-Retrofit",$Y$12:$Y$5011) | Z10: =SUM(Light_Savings!$Z$12:$Z$5011) | AC10: =+SUM(Light_Savings!$AC$12:$AC$5011) | AD10: =SUM(Light_Savings!$AD$12:$AD$5011) | AE10: =+IFERROR(SUM(Light_Savings!$AE$12:$AE$5011),"")
A11: S.N | B11: Building Name | C11: Location | D11: Zone/Building No. | E11: Space Category | F11: Operating hours refrence | G11: Operating Hour | H11: Lighting Selection S.N | I11: Fix Qunatity | J11: Baseline unit Description | K11: LED/CONV | L11: Lamp/Fix | M11: Lamp Load (W) | N11: Fix Wattage | O11: Lamp Qty | P11: Total Load [kW] | Q11: Baseline Energy Consumption (kWh) | R11: Project Unit Description | S11: Lamp/Fix. | T11: Model # | U11: Lamp Load [W] | V11: Lamp Qty | W11: Fix Load [W] | X11: Total Load[kW] | Y11: Energy Consumption of Project Lighting Units (kWh) | Z11: Energy Savings (kWh) | AB11: Is there a light control? | AC11: Sensors Qty | AD11: Control- Baselined kWh | AE11: Control - Savings kWh | AF11: Installed Yes / No

Sheet Pivot

Sheet Pivot_2
H1: Summary Table Projects units

Sheet Pivot_Cntrl

Sheet Pivot_Baseline

Sheet Old_Model_Registry
A1: Sr. No. | B1: Surveyed Unit Description | C1: Lamp Type | D1: Conv./LED | E1: Location Type (Interior/Exterior) | F1: Shape/Size/Base | G1: Length/Width/Diameter | H1: Lamp/Fixture | I1: Wattage (W) | J1: Lumens (lm) | K1: Lamp/Fix | L1: Check
A2: 1 | B2: Conv-FTL-T8-1.5M-1X-56W | C2: FTL | D2: Conv | E2: Interior | F2: T8 | G2: 1.5M- | H2: 1X | I2: 56 | J2: 2800 | K2: 1
A3: 2 | B3: =IF(C3="","",IF(D3="Conv",IFERROR(D3&"-"&C3&"-"&F3&"-"&G3&""&H3&"-"&I3&"W",""),IFERROR(C3&"-"&F3&"-"&G3&""&H3&"-"&I3&"W",""))) -> Conv-FTL-T8-1.5M-2X-56W | C3: FTL | D3: Conv | E3: Interior | F3: T8 | G3: 1.5M- | H3: 2X | I3: 56 | J3: 5600 | K3: 2
A4: 3 | B4: =IF(C4="","",IF(D4="Conv",IFERROR(D4&"-"&C4&"-"&F4&"-"&G4&""&H4&"-"&I4&"W",""),IFERROR(C4&"-"&F4&"-"&G4&""&H4&"-"&I4&"W",""))) -> Conv-FTL-T8-1.5M-3X-56W | C4: FTL | D4: Conv | E4: Interior | F4: T8 | G4: 1.5M- | H4: 3X | I4: 56 | J4: 8400 | K4: 3
A5: 4 | B5: =IF(C5="","",IF(D5="Conv",IFERROR(D5&"-"&C5&"-"&F5&"-"&G5&""&H5&"-"&I5&"W",""),IFERROR(C5&"-"&F5&"-"&G5&""&H5&"-"&I5&"W",""))) -> Conv-FTL-T8-1.5M-4X-56W | C5: FTL | D5: Conv | E5: Interior | F5: T8 | G5: 1.5M- | H5: 4X | I5: 56 | J5: 11200 | K5: 4
A6: 5 | B6: =IF(C6="","",IF(D6="Conv",IFERROR(D6&"-"&C6&"-"&F6&"-"&G6&""&H6&"-"&I6&"W",""),IFERROR(C6&"-"&F6&"-"&G6&""&H6&"-"&I6&"W",""))) -> Conv-FTL-T12-1.2M-1X-40W | C6: FTL | D6: Conv | E6: Interior | F6: T12 | G6: 1.2M- | H6: 1X | I6: 40 | J6: =IFERROR(K6*I6*VLOOKUP(C6,Mnu!$E$20:$F$37,2,FALSE)," ") -> 2000 | K6: 1
A7: 6 | B7: =IF(C7="","",IF(D7="Conv",IFERROR(D7&"-"&C7&"-"&F7&"-"&G7&""&H7&"-"&I7&"W",""),IFERROR(C7&"-"&F7&"-"&G7&""&H7&"-"&I7&"W",""))) -> Conv-FTL-T12-1.2M-2X-40W | C7: FTL | D7: Conv | E7: Interior | F7: T12 | G7: 1.2M- | H7: 2X | I7: 40 | J7: =IFERROR(K7*I7*VLOOKUP(C7,Mnu!$E$20:$F$37,2,FALSE)," ") -> 4000 | K7: 2
A8: 7 | B8: =IF(C8="","",IF(D8="Conv",IFERROR(D8&"-"&C8&"-"&F8&"-"&G8&""&H8&"-"&I8&"W",""),IFERROR(C8&"-"&F8&"-"&G8&""&H8&"-"&I8&"W",""))) -> Conv-FTL-T12-1.2M-3X-40W | C8: FTL | D8: Conv | E8: Interior | F8: T12 | G8: 1.2M- | H8: 3X | I8: 40 | J8: =IFERROR(K8*I8*VLOOKUP(C8,Mnu!$E$20:$F$37,2,FALSE)," ") -> 6000 | K8: 3
A9: 8 | B9: =IF(C9="","",IF(D9="Conv",IFERROR(D9&"-"&C9&"-"&F9&"-"&G9&""&H9&"-"&I9&"W",""),IFERROR(C9&"-"&F9&"-"&G9&""&H9&"-"&I9&"W",""))) -> Conv-FTL-T12-1.2M-4X-40W | C9: FTL | D9: Conv | E9: Interior | F9: T12 | G9: 1.2M- | H9: 4X | I9: 40 | J9: =IFERROR(K9*I9*VLOOKUP(C9,Mnu!$E$20:$F$37,2,FALSE)," ") -> 8000 | K9: 4
A10: 9 | B10: =IF(C10="","",IF(D10="Conv",IFERROR(D10&"-"&C10&"-"&F10&"-"&G10&""&H10&"-"&I10&"W",""),IFERROR(C10&"-"&F10&"-"&G10&""&H10&"-"&I10&"W",""))) -> Conv-FTL-T8-1.2M-1X-36W | C10: FTL | D10: Conv | E10: Interior | F10: T8 | G10: 1.2M- | H10: 1X | I10: 36 | J10: =IFERROR(K10*I10*VLOOKUP(C10,Mnu!$E$20:$F$37,2,FALSE)," ") -> 1800 | K10: 1
A11: 10 | B11: =IF(C11="","",IF(D11="Conv",IFERROR(D11&"-"&C11&"-"&F11&"-"&G11&""&H11&"-"&I11&"W",""),IFERROR(C11&"-"&F11&"-"&G11&""&H11&"-"&I11&"W",""))) -> Conv-FTL-T8-1.2M-2X-36W | C11: FTL | D11: Conv | E11: Interior | F11: T8 | G11: 1.2M- | H11: 2X | I11: 36 | J11: =IFERROR(K11*I11*VLOOKUP(C11,Mnu!$E$20:$F$37,2,FALSE)," ") -> 3600 | K11: 2
A12: 11 | B12: =IF(C12="","",IF(D12="Conv",IFERROR(D12&"-"&C12&"-"&F12&"-"&G12&""&H12&"-"&I12&"W",""),IFERROR(C12&"-"&F12&"-"&G12&""&H12&"-"&I12&"W",""))) -> Conv-FTL-T8-1.2M-3X-36W | C12: FTL | D12: Conv | E12: Interior | F12: T8 | G12: 1.2M- | H12: 3X | I12: 36 | J12: =IFERROR(K12*I12*VLOOKUP(C12,Mnu!$E$20:$F$37,2,FALSE)," ") -> 5400 | K12: 3
A13: 12 | B13: =IF(C13="","",IF(D13="Conv",IFERROR(D13&"-"&C13&"-"&F13&"-"&G13&""&H13&"-"&I13&"W",""),IFERROR(C13&"-"&F13&"-"&G13&""&H13&"-"&I13&"W",""))) -> Conv-FTL-T8-1.2M-4X-36W | C13: FTL | D13: Conv | E13: Interior | F13: T8 | G13: 1.2M- | H13: 4X | I13: 36 | J13: =IFERROR(K13*I13*VLOOKUP(C13,Mnu!$E$20:$F$37,2,FALSE)," ") -> 7200 | K13: 4
A14: 13 | B14: =IF(C14="","",IF(D14="Conv",IFERROR(D14&"-"&C14&"-"&F14&"-"&G14&""&H14&"-"&I14&"W",""),IFERROR(C14&"-"&F14&"-"&G14&""&H14&"-"&I14&"W",""))) -> Conv-FTL-T12-0.6M-1X-20W | C14: FTL | D14: Conv | E14: Interior | F14: T12 | G14: 0.6M- | H14: 1X | I14: 20 | J14: =IFERROR(K14*I14*VLOOKUP(C14,Mnu!$E$20:$F$37,2,FALSE)," ") -> 1000 | K14: 1
A15: 14 | B15: =IF(C15="","",IF(D15="Conv",IFERROR(D15&"-"&C15&"-"&F15&"-"&G15&""&H15&"-"&I15&"W",""),IFERROR(C15&"-"&F15&"-"&G15&""&H15&"-"&I15&"W",""))) -> Conv-FTL-T12-0.6M-2X-20W | C15: FTL | D15: Conv | E15: Interior | F15: T12 | G15: 0.6M- | H15: 2X | I15: 20 | J15: =IFERROR(K15*I15*VLOOKUP(C15,Mnu!$E$20:$F$37,2,FALSE)," ") -> 2000 | K15: 2
A16: 15 | B16: =IF(C16="","",IF(D16="Conv",IFERROR(D16&"-"&C16&"-"&F16&"-"&G16&""&H16&"-"&I16&"W",""),IFERROR(C16&"-"&F16&"-"&G16&""&H16&"-"&I16&"W",""))) -> Conv-FTL-T12-0.6M-3X-20W | C16: FTL | D16: Conv | E16: Interior | F16: T12 | G16: 0.6M- | H16: 3X | I16: 20 | J16: =IFERROR(K16*I16*VLOOKUP(C16,Mnu!$E$20:$F$37,2,FALSE)," ") -> 3000 | K16: 3
A17: 16 | B17: =IF(C17="","",IF(D17="Conv",IFERROR(D17&"-"&C17&"-"&F17&"-"&G17&""&H17&"-"&I17&"W",""),IFERROR(C17&"-"&F17&"-"&G17&""&H17&"-"&I17&"W",""))) -> Conv-FTL-T12-0.6M-4X-20W | C17: FTL | D17: Conv | E17: Interior | F17: T12 | G17: 0.6M- | H17: 4X | I17: 20 | J17: =IFERROR(K17*I17*VLOOKUP(C17,Mnu!$E$20:$F$37,2,FALSE)," ") -> 4000 | K17: 4
... A33: 32 | B33: =IF(C33="","",IF(D33="Conv",IFERROR(D33&"-"&C33&"-"&F33&"-"&G33&""&H33&"-"&I33&"W",""),IFERROR(C33&"-"&F33&"-"&G33&""&H33&"-"&I33&"W",""))) -> Conv-FTL-T5-0.6M-4X-14W | C33: FTL | D33: Conv | E33: Interior | F33: T5 | G33: 0.6M- | H33: 4X | I33: 14 | J33: =IFERROR(K33*I33*VLOOKUP(C33,Mnu!$E$20:$F$37,2,FALSE)," ") -> 2800 | K33: 4
A34: 33 | B34: =IF(C34="","",IF(D34="Conv",IFERROR(D34&"-"&C34&"-"&F34&"-"&G34&""&H34&"-"&I34&"W",""),IFERROR(C34&"-"&F34&"-"&G34&""&H34&"-"&I34&"W",""))) -> Conv-CFL-E27-1X-9W | C34: CFL | D34: Conv | E34: Interior | F34: E27 | H34: 1X | I34: 9 | J34: =IFERROR(K34*I34*VLOOKUP(C34,Mnu!$E$20:$F$37,2,FALSE)," ") -> 450 | K34: 1
A35: 34 | B35: =IF(C35="","",IF(D35="Conv",IFERROR(D35&"-"&C35&"-"&F35&"-"&G35&""&H35&"-"&I35&"W",""),IFERROR(C35&"-"&F35&"-"&G35&""&H35&"-"&I35&"W",""))) -> Conv-CFL-E27-1X-10W | C35: CFL | D35: Conv | E35: Interior | F35: E27 | H35: 1X | I35: 10 | J35: =IFERROR(K35*I35*VLOOKUP(C35,Mnu!$E$20:$F$37,2,FALSE)," ") -> 500 | K35: 1
A36: 35 | B36: =IF(C36="","",IF(D36="Conv",IFERROR(D36&"-"&C36&"-"&F36&"-"&G36&""&H36&"-"&I36&"W",""),IFERROR(C36&"-"&F36&"-"&G36&""&H36&"-"&I36&"W",""))) -> Conv-CFL-E27-1X-12W | C36: CFL | D36: Conv | E36: Interior | F36: E27 | H36: 1X | I36: 12 | J36: =IFERROR(K36*I36*VLOOKUP(C36,Mnu!$E$20:$F$37,2,FALSE)," ") -> 600 | K36: 1
A37: 36 | B37: =IF(C37="","",IF(D37="Conv",IFERROR(D37&"-"&C37&"-"&F37&"-"&G37&""&H37&"-"&I37&"W",""),IFERROR(C37&"-"&F37&"-"&G37&""&H37&"-"&I37&"W",""))) -> Conv-CFL-E27-1X-13W | C37: CFL | D37: Conv | E37: Interior | F37: E27 | H37: 1X | I37: 13 | J37: =IFERROR(K37*I37*VLOOKUP(C37,Mnu!$E$20:$F$37,2,FALSE)," ") -> 650 | K37: 1
A38: 37 | B38: =IF(C38="","",IF(D38="Conv",IFERROR(D38&"-"&C38&"-"&F38&"-"&G38&""&H38&"-"&I38&"W",""),IFERROR(C38&"-"&F38&"-"&G38&""&H38&"-"&I38&"W",""))) -> Conv-CFL-E27-1X-15W | C38: CFL | D38: Conv | E38: Interior | F38: E27 | H38: 1X | I38: 15 | J38: =IFERROR(K38*I38*VLOOKUP(C38,Mnu!$E$20:$F$37,2,FALSE)," ") -> 750 | K38: 1
A39: 38 | B39: =IF(C39="","",IF(D39="Conv",IFERROR(D39&"-"&C39&"-"&F39&"-"&G39&""&H39&"-"&I39&"W",""),IFERROR(C39&"-"&F39&"-"&G39&""&H39&"-"&I39&"W",""))) -> Conv-CFL-E27-1X-16W | C39: CFL | D39: Conv | E39: Interior | F39: E27 | H39: 1X | I39: 16 | J39: =IFERROR(K39*I39*VLOOKUP(C39,Mnu!$E$20:$F$37,2,FALSE)," ") -> 800 | K39: 1
A40: 39 | B40: =IF(C40="","",IF(D40="Conv",IFERROR(D40&"-"&C40&"-"&F40&"-"&G40&""&H40&"-"&I40&"W",""),IFERROR(C40&"-"&F40&"-"&G40&""&H40&"-"&I40&"W",""))) -> Conv-CFL-E27-1X-18W | C40: CFL | D40: Conv | E40: Interior | F40: E27 | H40: 1X | I40: 18 | J40: =IFERROR(K40*I40*VLOOKUP(C40,Mnu!$E$20:$F$37,2,FALSE)," ") -> 900 | K40: 1
A41: 40 | B41: =IF(C41="","",IF(D41="Conv",IFERROR(D41&"-"&C41&"-"&F41&"-"&G41&""&H41&"-"&I41&"W",""),IFERROR(C41&"-"&F41&"-"&G41&""&H41&"-"&I41&"W",""))) -> Conv-CFL-E27-1X-20W | C41: CFL | D41: Conv | E41: Interior | F41: E27 | H41: 1X | I41: 20 | J41: =IFERROR(K41*I41*VLOOKUP(C41,Mnu!$E$20:$F$37,2,FALSE)," ") -> 1000 | K41: 1
A42: 41 | B42: =IF(C42="","",IF(D42="Conv",IFERROR(D42&"-"&C42&"-"&F42&"-"&G42&""&H42&"-"&I42&"W",""),IFERROR(C42&"-"&F42&"-"&G42&""&H42&"-"&I42&"W",""))) -> Conv-CFL-E27-1X-23W | C42: CFL | D42: Conv | E42: Interior | F42: E27 | H42: 1X | I42: 23 | J42: =IFERROR(K42*I42*VLOOKUP(C42,Mnu!$E$20:$F$37,2,FALSE)," ") -> 1150 | K42: 1
A43: 42 | B43: =IF(C43="","",IF(D43="Conv",IFERROR(D43&"-"&C43&"-"&F43&"-"&G43&""&H43&"-"&I43&"W",""),IFERROR(C43&"-"&F43&"-"&G43&""&H43&"-"&I43&"W",""))) -> Conv-CFL-E27-1X-26W | C43: CFL | D43: Conv | E43: Interior | F43: E27 | H43: 1X | I43: 26 | J43: =IFERROR(K43*I43*VLOOKUP(C43,Mnu!$E$20:$F$37,2,FALSE)," ") -> 1300 | K43: 1
A44: 43 | B44: =IF(C44="","",IF(D44="Conv",IFERROR(D44&"-"&C44&"-"&F44&"-"&G44&""&H44&"-"&I44&"W",""),IFERROR(C44&"-"&F44&"-"&G44&""&H44&"-"&I44&"W",""))) -> Conv-CFL-E27-1X-30W | C44: CFL | D44: Conv | E44: Interior | F44: E27 | H44: 1X | I44: 30 | J44: =IFERROR(K44*I44*VLOOKUP(C44,Mnu!$E$20:$F$37,2,FALSE)," ") -> 1500 | K44: 1
A45: 44 | B45: =IF(C45="","",IF(D45="Conv",IFERROR(D45&"-"&C45&"-"&F45&"-"&G45&""&H45&"-"&I45&"W",""),IFERROR(C45&"-"&F45&"-"&G45&""&H45&"-"&I45&"W",""))) -> Conv-CFL-E27-1X-40W | C45: CFL | D45: Conv | E45: Interior | F45: E27 | H45: 1X | I45: 40 | J45: =IFERROR(K45*I45*VLOOKUP(C45,Mnu!$E$20:$F$37,2,FALSE)," ") -> 2000 | K45: 1
... A95: 94 | B95: =IF(C95="","",IF(D95="Conv",IFERROR(D95&"-"&C95&"-"&F95&"-"&G95&""&H95&"-"&I95&"W",""),IFERROR(C95&"-"&F95&"-"&G95&""&H95&"-"&I95&"W",""))) -> Conv-HPS-E40-1X-100W | C95: HPS | D95: Conv | E95: Interior | F95: E40 | H95: 1X | I95: 100 | J95: =IFERROR(K95*I95*VLOOKUP(C95,Mnu!$E$20:$F$37,2,FALSE)," ") -> 5000 | K95: 1
A96: 95 | B96: =IF(C96="","",IF(D96="Conv",IFERROR(D96&"-"&C96&"-"&F96&"-"&G96&""&H96&"-"&I96&"W",""),IFERROR(C96&"-"&F96&"-"&G96&""&H96&"-"&I96&"W",""))) -> LED_Tube-T8-1.5M-1X-30W | C96: LED_Tube | D96: LED | E96: Interior | F96: T8 | G96: 1.5M- | H96: 1X | I96: 30 | J96: =IFERROR(K96*I96*VLOOKUP(C96,Mnu!$E$20:$F$37,2,FALSE)," ") -> 2250 | K96: 1
A97: 96 | B97: =IF(C97="","",IF(D97="Conv",IFERROR(D97&"-"&C97&"-"&F97&"-"&G97&""&H97&"-"&I97&"W",""),IFERROR(C97&"-"&F97&"-"&G97&""&H97&"-"&I97&"W",""))) -> LED_Tube-T8-1.5M-2X-30W | C97: LED_Tube | D97: LED | E97: Interior | F97: T8 | G97: 1.5M- | H97: 2X | I97: 30 | J97: =IFERROR(K97*I97*VLOOKUP(C97,Mnu!$E$20:$F$37,2,FALSE)," ") -> 4500 | K97: 2
A98: 97 | B98: =IF(C98="","",IF(D98="Conv",IFERROR(D98&"-"&C98&"-"&F98&"-"&G98&""&H98&"-"&I98&"W",""),IFERROR(C98&"-"&F98&"-"&G98&""&H98&"-"&I98&"W",""))) -> LED_Tube-T8-1.5M-3X-30W | C98: LED_Tube | D98: LED | E98: Interior | F98: T8 | G98: 1.5M- | H98: 3X | I98: 30 | J98: =IFERROR(K98*I98*VLOOKUP(C98,Mnu!$E$20:$F$37,2,FALSE)," ") -> 6750 | K98: 3
A99: 98 | B99: =IF(C99="","",IF(D99="Conv",IFERROR(D99&"-"&C99&"-"&F99&"-"&G99&""&H99&"-"&I99&"W",""),IFERROR(C99&"-"&F99&"-"&G99&""&H99&"-"&I99&"W",""))) -> LED_Tube-T8-1.5M-4X-30W | C99: LED_Tube | D99: LED | E99: Interior | F99: T8 | G99: 1.5M- | H99: 4X | I99: 30 | J99: =IFERROR(K99*I99*VLOOKUP(C99,Mnu!$E$20:$F$37,2,FALSE)," ") -> 9000 | K99: 4
A100: 99 | B100: =IF(C100="","",IF(D100="Conv",IFERROR(D100&"-"&C100&"-"&F100&"-"&G100&""&H100&"-"&I100&"W",""),IFERROR(C100&"-"&F100&"-"&G100&""&H100&"-"&I100&"W",""))) -> LED_Tube-T8-1.2M-1X-20W | C100: LED_Tube | D100: LED | E100: Interior | F100: T8 | G100: 1.2M- | H100: 1X | I100: 20 | J100: =IFERROR(K100*I100*VLOOKUP(C100,Mnu!$E$20:$F$37,2,FALSE)," ") -> 1500 | K100: 1
A101: 100 | B101: =IF(C101="","",IF(D101="Conv",IFERROR(D101&"-"&C101&"-"&F101&"-"&G101&""&H101&"-"&I101&"W",""),IFERROR(C101&"-"&F101&"-"&G101&""&H101&"-"&I101&"W",""))) -> LED_Tube-T8-1.2M-2X-20W | C101: LED_Tube | D101: LED | E101: Interior | F101: T8 | G101: 1.2M- | H101: 2X | I101: 20 | J101: =IFERROR(K101*I101*VLOOKUP(C101,Mnu!$E$20:$F$37,2,FALSE)," ") -> 3000 | K101: 2
A102: 101 | B102: =IF(C102="","",IF(D102="Conv",IFERROR(D102&"-"&C102&"-"&F102&"-"&G102&""&H102&"-"&I102&"W",""),IFERROR(C102&"-"&F102&"-"&G102&""&H102&"-"&I102&"W",""))) -> LED_Tube-T8-1.2M-3X-20W | C102: LED_Tube | D102: LED | E102: Interior | F102: T8 | G102: 1.2M- | H102: 3X | I102: 20 | J102: =IFERROR(K102*I102*VLOOKUP(C102,Mnu!$E$20:$F$37,2,FALSE)," ") -> 4500 | K102: 3
A103: 102 | B103: =IF(C103="","",IF(D103="Conv",IFERROR(D103&"-"&C103&"-"&F103&"-"&G103&""&H103&"-"&I103&"W",""),IFERROR(C103&"-"&F103&"-"&G103&""&H103&"-"&I103&"W",""))) -> LED_Tube-T8-1.2M-4X-20W | C103: LED_Tube | D103: LED | E103: Interior | F103: T8 | G103: 1.2M- | H103: 4X | I103: 20 | J103: =IFERROR(K103*I103*VLOOKUP(C103,Mnu!$E$20:$F$37,2,FALSE)," ") -> 6000 | K103: 4
A104: 103 | B104: =IF(C104="","",IF(D104="Conv",IFERROR(D104&"-"&C104&"-"&F104&"-"&G104&""&H104&"-"&I104&"W",""),IFERROR(C104&"-"&F104&"-"&G104&""&H104&"-"&I104&"W",""))) -> LED_Tube-T8-1.2M-1X-18W | C104: LED_Tube | D104: LED | E104: Interior | F104: T8 | G104: 1.2M- | H104: 1X | I104: 18 | J104: =IFERROR(K104*I104*VLOOKUP(C104,Mnu!$E$20:$F$37,2,FALSE)," ") -> 1350 | K104: 1
A105: 104 | B105: =IF(C105="","",IF(D105="Conv",IFERROR(D105&"-"&C105&"-"&F105&"-"&G105&""&H105&"-"&I105&"W",""),IFERROR(C105&"-"&F105&"-"&G105&""&H105&"-"&I105&"W",""))) -> LED_Tube-T8-1.2M-2X-18W | C105: LED_Tube | D105: LED | E105: Interior | F105: T8 | G105: 1.2M- | H105: 2X | I105: 18 | J105: =IFERROR(K105*I105*VLOOKUP(C105,Mnu!$E$20:$F$37,2,FALSE)," ") -> 2700 | K105: 2
A106: 105 | B106: =IF(C106="","",IF(D106="Conv",IFERROR(D106&"-"&C106&"-"&F106&"-"&G106&""&H106&"-"&I106&"W",""),IFERROR(C106&"-"&F106&"-"&G106&""&H106&"-"&I106&"W",""))) -> LED_Tube-T8-1.2M-3X-18W | C106: LED_Tube | D106: LED | E106: Interior | F106: T8 | G106: 1.2M- | H106: 3X | I106: 18 | J106: =IFERROR(K106*I106*VLOOKUP(C106,Mnu!$E$20:$F$37,2,FALSE)," ") -> 4050 | K106: 3
A107: 106 | B107: =IF(C107="","",IF(D107="Conv",IFERROR(D107&"-"&C107&"-"&F107&"-"&G107&""&H107&"-"&I107&"W",""),IFERROR(C107&"-"&F107&"-"&G107&""&H107&"-"&I107&"W",""))) -> LED_Tube-T8-1.2M-4X-18W | C107: LED_Tube | D107: LED | E107: Interior | F107: T8 | G107: 1.2M- | H107: 4X | I107: 18 | J107: =IFERROR(K107*I107*VLOOKUP(C107,Mnu!$E$20:$F$37,2,FALSE)," ") -> 5400 | K107: 4
... A115: 114 | B115: =IF(C115="","",IF(D115="Conv",IFERROR(D115&"-"&C115&"-"&F115&"-"&G115&""&H115&"-"&I115&"W",""),IFERROR(C115&"-"&F115&"-"&G115&""&H115&"-"&I115&"W",""))) -> LED_Tube-T8-0.6M-4X-18W | C115: LED_Tube | D115: LED | E115: Interior | F115: T8 | G115: 0.6M- | H115: 4X | I115: 18 | J115: =IFERROR(K115*I115*VLOOKUP(C115,Mnu!$E$20:$F$37,2,FALSE)," ") -> 5400 | K115: 4
A116: 115 | B116: =IF(C116="","",IF(D116="Conv",IFERROR(D116&"-"&C116&"-"&F116&"-"&G116&""&H116&"-"&I116&"W",""),IFERROR(C116&"-"&F116&"-"&G116&""&H116&"-"&I116&"W",""))) -> LED_Spot_Light-Spot Light-1X-5W | C116: LED_Spot_Light | D116: LED | E116: Interior | F116: Spot Light | H116: 1X | I116: 5 | J116: =IFERROR(K116*I116*VLOOKUP(C116,Mnu!$E$20:$F$37,2,FALSE)," ") -> 350 | K116: 1
A117: 116 | B117: =IF(C117="","",IF(D117="Conv",IFERROR(D117&"-"&C117&"-"&F117&"-"&G117&""&H117&"-"&I117&"W",""),IFERROR(C117&"-"&F117&"-"&G117&""&H117&"-"&I117&"W",""))) -> LED_Spot_Light-Spot Light-1X-7W | C117: LED_Spot_Light | D117: LED | E117: Interior | F117: Spot Light | H117: 1X | I117: 7 | J117: =IFERROR(K117*I117*VLOOKUP(C117,Mnu!$E$20:$F$37,2,FALSE)," ") -> 490 | K117: 1
A118: 117 | B118: =IF(C118="","",IF(D118="Conv",IFERROR(D118&"-"&C118&"-"&F118&"-"&G118&""&H118&"-"&I118&"W",""),IFERROR(C118&"-"&F118&"-"&G118&""&H118&"-"&I118&"W",""))) -> LED_Bulb-E27-1X-9W | C118: LED_Bulb | D118: LED | E118: Interior | F118: E27 | H118: 1X | I118: 9 | J118: =IFERROR(K118*I118*VLOOKUP(C118,Mnu!$E$20:$F$37,2,FALSE)," ") -> 675 | K118: 1
A119: 118 | B119: =IF(C119="","",IF(D119="Conv",IFERROR(D119&"-"&C119&"-"&F119&"-"&G119&""&H119&"-"&I119&"W",""),IFERROR(C119&"-"&F119&"-"&G119&""&H119&"-"&I119&"W",""))) -> LED_Bulb-E27-1X-12W | C119: LED_Bulb | D119: LED | E119: Interior | F119: E27 | H119: 1X | I119: 12 | J119: =IFERROR(K119*I119*VLOOKUP(C119,Mnu!$E$20:$F$37,2,FALSE)," ") -> 900 | K119: 1
A120: 119 | B120: =IF(C120="","",IF(D120="Conv",IFERROR(D120&"-"&C120&"-"&F120&"-"&G120&""&H120&"-"&I120&"W",""),IFERROR(C120&"-"&F120&"-"&G120&""&H120&"-"&I120&"W",""))) -> LED_Bulb-E27-1X-15W | C120: LED_Bulb | D120: LED | E120: Interior | F120: E27 | H120: 1X | I120: 15 | J120: =IFERROR(K120*I120*VLOOKUP(C120,Mnu!$E$20:$F$37,2,FALSE)," ") -> 1125 | K120: 1
A121: 120 | B121: =IF(C121="","",IF(D121="Conv",IFERROR(D121&"-"&C121&"-"&F121&"-"&G121&""&H121&"-"&I121&"W",""),IFERROR(C121&"-"&F121&"-"&G121&""&H121&"-"&I121&"W",""))) -> LED_Bulb-E27-1X-20W | C121: LED_Bulb | D121: LED | E121: Interior | F121: E27 | H121: 1X | I121: 20 | J121: =IFERROR(K121*I121*VLOOKUP(C121,Mnu!$E$20:$F$37,2,FALSE)," ") -> 1500 | K121: 1
A122: 121 | B122: =IF(C122="","",IF(D122="Conv",IFERROR(D122&"-"&C122&"-"&F122&"-"&G122&""&H122&"-"&I122&"W",""),IFERROR(C122&"-"&F122&"-"&G122&""&H122&"-"&I122&"W",""))) -> LED_Bulb-E40-1X-50W | C122: LED_Bulb | D122: LED | E122: Interior | F122: E40 | H122: 1X | I122: 50 | J122: =IFERROR(K122*I122*VLOOKUP(C122,Mnu!$E$20:$F$37,2,FALSE)," ") -> 3750 | K122: 1
A123: 122 | B123: =IF(C123="","",IF(D123="Conv",IFERROR(D123&"-"&C123&"-"&F123&"-"&G123&""&H123&"-"&I123&"W",""),IFERROR(C123&"-"&F123&"-"&G123&""&H123&"-"&I123&"W",""))) -> LED_Panel_light-60X60-1X-48W | C123: LED_Panel_light | D123: LED | E123: Interior | F123: 60X60 | H123: 1X | I123: 48 | J123: =IFERROR(K123*I123*VLOOKUP(C123,Mnu!$E$20:$F$37,2,FALSE)," ") -> 3600 | K123: 1
A124: 123 | B124: =IF(C124="","",IF(D124="Conv",IFERROR(D124&"-"&C124&"-"&F124&"-"&G124&""&H124&"-"&I124&"W",""),IFERROR(C124&"-"&F124&"-"&G124&""&H124&"-"&I124&"W",""))) -> LED_Panel_light-60X60-1X-40W | C124: LED_Panel_light | D124: LED | E124: Interior | F124: 60X60 | H124: 1X | I124: 40 | J124: =IFERROR(K124*I124*VLOOKUP(C124,Mnu!$E$20:$F$37,2,FALSE)," ") -> 3000 | K124: 1
A125: 124 | B125: =IF(C125="","",IF(D125="Conv",IFERROR(D125&"-"&C125&"-"&F125&"-"&G125&""&H125&"-"&I125&"W",""),IFERROR(C125&"-"&F125&"-"&G125&""&H125&"-"&I125&"W",""))) -> LED_Panel_light-60X60-1X-60W | C125: LED_Panel_light | D125: LED | E125: Interior | F125: 60X60 | H125: 1X | I125: 60 | J125: =IFERROR(K125*I125*VLOOKUP(C125,Mnu!$E$20:$F$37,2,FALSE)," ") -> 4500 | K125: 1
A126: 125 | B126: =IF(C126="","",IF(D126="Conv",IFERROR(D126&"-"&C126&"-"&F126&"-"&G126&""&H126&"-"&I126&"W",""),IFERROR(C126&"-"&F126&"-"&G126&""&H126&"-"&I126&"W",""))) -> LED_Panel_light-60X60-1X-80W | C126: LED_Panel_light | D126: LED | E126: Interior | F126: 60X60 | H126: 1X | I126: 80 | J126: =IFERROR(K126*I126*VLOOKUP(C126,Mnu!$E$20:$F$37,2,FALSE)," ") -> 6000 | K126: 1
A127: 126 | B127: =IF(C127="","",IF(D127="Conv",IFERROR(D127&"-"&C127&"-"&F127&"-"&G127&""&H127&"-"&I127&"W",""),IFERROR(C127&"-"&F127&"-"&G127&""&H127&"-"&I127&"W",""))) -> LED_Panel_light-60X60-1X-100W | C127: LED_Panel_light | D127: LED | E127: Interior | F127: 60X60 | H127: 1X | I127: 100 | J127: =IFERROR(K127*I127*VLOOKUP(C127,Mnu!$E$20:$F$37,2,FALSE)," ") -> 7500 | K127: 1
... A199: 198 | B199: =IF(C199="","",IF(D199="Conv",IFERROR(D199&"-"&C199&"-"&F199&"-"&G199&""&H199&"-"&I199&"W",""),IFERROR(C199&"-"&F199&"-"&G199&""&H199&"-"&I199&"W",""))) -> LED_High_Bay-High Bay-1X-190W | C199: LED_High_Bay | D199: LED | E199: Interior | F199: High Bay | H199: 1X | I199: 190 | J199: =IFERROR(K199*I199*VLOOKUP(C199,Mnu!$E$20:$F$37,2,FALSE)," ") -> 15200 | K199: 1
A200: 199 | B200: =IF(C200="","",IF(D200="Conv",IFERROR(D200&"-"&C200&"-"&F200&"-"&G200&""&H200&"-"&I200&"W",""),IFERROR(C200&"-"&F200&"-"&G200&""&H200&"-"&I200&"W",""))) -> Conv-LED_Tube-T8-1.2M-3X-36W | C200: LED_Tube | D200: Conv | E200: Interior | F200: T8 | G200: 1.2M- | H200: 3X | I200: 36 | J200: =IFERROR(K200*I200*VLOOKUP(C200,Mnu!$E$20:$F$37,2,FALSE)," ") -> 8100 | K200: 3
A201: 200 | B201: =IF(C201="","",IF(D201="Conv",IFERROR(D201&"-"&C201&"-"&F201&"-"&G201&""&H201&"-"&I201&"W",""),IFERROR(C201&"-"&F201&"-"&G201&""&H201&"-"&I201&"W",""))) -> Conv-CFL-E27-1X-70W | C201: CFL | D201: Conv | E201: Exterior | F201: E27 | H201: 1X | I201: 70 | J201: =IFERROR(K201*I201*VLOOKUP(C201,Mnu!$E$20:$F$37,2,FALSE)," ") -> 3500 | K201: 1
A202: 201 | B202: =IF(C202="","",IF(D202="Conv",IFERROR(D202&"-"&C202&"-"&F202&"-"&G202&""&H202&"-"&I202&"W",""),IFERROR(C202&"-"&F202&"-"&G202&""&H202&"-"&I202&"W",""))) -> LED_Tube-T8-0.6M-4X-10W | C202: LED_Tube | D202: LED | E202: Interior | F202: T8 | G202: 0.6M- | H202: 4X | I202: 10 | J202: =IFERROR(K202*I202*VLOOKUP(C202,Mnu!$E$20:$F$37,2,FALSE)," ") -> 3000 | K202: 4
A203: 202 | B203: =IF(C203="","",IF(D203="Conv",IFERROR(D203&"-"&C203&"-"&F203&"-"&G203&""&H203&"-"&I203&"W",""),IFERROR(C203&"-"&F203&"-"&G203&""&H203&"-"&I203&"W",""))) -> LED_Tube-T8-1.2M-2X-60W | C203: LED_Tube | D203: LED | E203: Interior | F203: T8 | G203: =G200 -> 1.2M- | H203: 2X | I203: 60 | J203: =IFERROR(K203*I203*VLOOKUP(C203,Mnu!$E$20:$F$37,2,FALSE)," ") -> 9000 | K203: 2
A204: 203 | B204: =IF(C204="","",IF(D204="Conv",IFERROR(D204&"-"&C204&"-"&F204&"-"&G204&""&H204&"-"&I204&"W",""),IFERROR(C204&"-"&F204&"-"&G204&""&H204&"-"&I204&"W",""))) -> LED_Bulb-Fanoos-52X-12W | C204: LED_Bulb | D204: LED | E204: Interior | F204: Fanoos | H204: 52X | I204: 12 | J204: =IFERROR(K204*I204*VLOOKUP(C204,Mnu!$E$20:$F$37,2,FALSE)," ") -> 46800 | K204: 52
A205: 204 | B205: =IF(C205="","",IF(D205="Conv",IFERROR(D205&"-"&C205&"-"&F205&"-"&G205&""&H205&"-"&I205&"W",""),IFERROR(C205&"-"&F205&"-"&G205&""&H205&"-"&I205&"W",""))) -> LED_Bulb-Fanoos-24X-12W | C205: =C204 -> LED_Bulb | D205: =D204 -> LED | E205: =E204 -> Interior | F205: =F204 -> Fanoos | H205: 24X | I205: 12 | J205: =IFERROR(K205*I205*VLOOKUP(C205,Mnu!$E$20:$F$37,2,FALSE)," ") -> 21600 | K205: 24
A206: 205 | B206: =IF(C206="","",IF(D206="Conv",IFERROR(D206&"-"&C206&"-"&F206&"-"&G206&""&H206&"-"&I206&"W",""),IFERROR(C206&"-"&F206&"-"&G206&""&H206&"-"&I206&"W",""))) -> Conv-CFL-E27-2X-100W | C206: CFL | D206: Conv | E206: Exterior | F206: E27 | H206: 2X | I206: 100 | J206: =IFERROR(K206*I206*VLOOKUP(C206,Mnu!$E$20:$F$37,2,FALSE)," ") -> 10000 | K206: 2
A207: 206 | B207: =IF(C207="","",IF(D207="Conv",IFERROR(D207&"-"&C207&"-"&F207&"-"&G207&""&H207&"-"&I207&"W",""),IFERROR(C207&"-"&F207&"-"&G207&""&H207&"-"&I207&"W",""))) -> Conv-CFL-E27-2X-18W | C207: =C206 -> CFL | D207: =D206 -> Conv | E207: Interior | F207: E27 | H207: 2X | I207: 18 | J207: =IFERROR(K207*I207*VLOOKUP(C207,Mnu!$E$20:$F$37,2,FALSE)," ") -> 1800 | K207: 2
A208: 207 | B208: =IF(C208="","",IF(D208="Conv",IFERROR(D208&"-"&C208&"-"&F208&"-"&G208&""&H208&"-"&I208&"W",""),IFERROR(C208&"-"&F208&"-"&G208&""&H208&"-"&I208&"W",""))) -> Conv-CFL-Table Light-1X-40W | C208: CFL | D208: Conv | E208: =E207 -> Interior | F208: Table Light | H208: 1X | I208: 40 | J208: =IFERROR(K208*I208*VLOOKUP(C208,Mnu!$E$20:$F$37,2,FALSE)," ") -> 2000 | K208: 1
A209: 208 | B209: =IF(C209="","",IF(D209="Conv",IFERROR(D209&"-"&C209&"-"&F209&"-"&G209&""&H209&"-"&I209&"W",""),IFERROR(C209&"-"&F209&"-"&G209&""&H209&"-"&I209&"W",""))) -> Conv-CFL-Lock-0X-0W | C209: =C208 -> CFL | D209: =D208 -> Conv | E209: =E208 -> Interior | F209: Lock | H209: 0X | I209: 0 | J209: =IFERROR(K209*I209*VLOOKUP(C209,Mnu!$E$20:$F$37,2,FALSE)," ") -> 0 | K209: 0
A210: 209 | B210: =IF(C210="","",IF(D210="Conv",IFERROR(D210&"-"&C210&"-"&F210&"-"&G210&""&H210&"-"&I210&"W",""),IFERROR(C210&"-"&F210&"-"&G210&""&H210&"-"&I210&"W",""))) -> Conv-CFL-E27-2X-48W | C210: CFL | D210: Conv | E210: Interior | F210: =F207 -> E27 | H210: 2X | I210: 48 | J210: =IFERROR(K210*I210*VLOOKUP(C210,Mnu!$E$20:$F$37,2,FALSE)," ") -> 4800 | K210: 2
A211: 210 | B211: =IF(C211="","",IF(D211="Conv",IFERROR(D211&"-"&C211&"-"&F211&"-"&G211&""&H211&"-"&I211&"W",""),IFERROR(C211&"-"&F211&"-"&G211&""&H211&"-"&I211&"W",""))) -> Conv-CFL-Exit Light-1X-8W | C211: =C210 -> CFL | D211: =D210 -> Conv | E211: Interior | F211: Exit Light | H211: 1X | I211: 8 | J211: =IFERROR(K211*I211*VLOOKUP(C211,Mnu!$E$20:$F$37,2,FALSE)," ") -> 400 | K211: 1
A212: 211 | B212: =IF(C212="","",IF(D212="Conv",IFERROR(D212&"-"&C212&"-"&F212&"-"&G212&""&H212&"-"&I212&"W",""),IFERROR(C212&"-"&F212&"-"&G212&""&H212&"-"&I212&"W",""))) -> LED_Bulb-Steplight-1X-8W | C212: LED_Bulb | D212: LED | E212: =E211 -> Interior | F212: Steplight | H212: 1X | I212: 8 | J212: =IFERROR(K212*I212*VLOOKUP(C212,Mnu!$E$20:$F$37,2,FALSE)," ") -> 600 | K212: 1
A213: 212 | B213: =IF(C213="","",IF(D213="Conv",IFERROR(D213&"-"&C213&"-"&F213&"-"&G213&""&H213&"-"&I213&"W",""),IFERROR(C213&"-"&F213&"-"&G213&""&H213&"-"&I213&"W",""))) -> LED_Bulb-Lutch Light-1X-20W | C213: =C212 -> LED_Bulb | D213: =D212 -> LED | E213: =E212 -> Interior | F213: Lutch Light | H213: =H212 -> 1X | I213: 20 | J213: =IFERROR(K213*I213*VLOOKUP(C213,Mnu!$E$20:$F$37,2,FALSE)," ") -> 1500 | K213: 1
A214: 213 | B214: =IF(C214="","",IF(D214="Conv",IFERROR(D214&"-"&C214&"-"&F214&"-"&G214&""&H214&"-"&I214&"W",""),IFERROR(C214&"-"&F214&"-"&G214&""&H214&"-"&I214&"W",""))) -> Conv-CFL-Footlamp-1X-18W | C214: =C211 -> CFL | D214: =D211 -> Conv | E214: Exterior | F214: Footlamp | H214: 1X | I214: 18 | J214: =IFERROR(K214*I214*VLOOKUP(C214,Mnu!$E$20:$F$37,2,FALSE)," ") -> 900 | K214: 1
A215: 214 | B215: =IF(C215="","",IF(D215="Conv",IFERROR(D215&"-"&C215&"-"&F215&"-"&G215&""&H215&"-"&I215&"W",""),IFERROR(C215&"-"&F215&"-"&G215&""&H215&"-"&I215&"W",""))) -> Conv-CFL-12" Downlight-1X-80W | C215: CFL | D215: Conv | E215: Interior | F215: 12" Downlight | H215: 1X | I215: 80 | J215: =IFERROR(K215*I215*VLOOKUP(C215,Mnu!$E$20:$F$37,2,FALSE)," ") -> 4000 | K215: 1
A216: 215 | B216: =IF(C216="","",IF(D216="Conv",IFERROR(D216&"-"&C216&"-"&F216&"-"&G216&""&H216&"-"&I216&"W",""),IFERROR(C216&"-"&F216&"-"&G216&""&H216&"-"&I216&"W",""))) -> LED_Bulb-Floor Light-1X-50W | C216: LED_Bulb | D216: LED | E216: Exterior | F216: Floor Light | H216: 1X | I216: 50 | J216: =IFERROR(K216*I216*VLOOKUP(C216,Mnu!$E$20:$F$37,2,FALSE)," ") -> 3750 | K216: 1
A217: 216 | B217: =IF(C217="","",IF(D217="Conv",IFERROR(D217&"-"&C217&"-"&F217&"-"&G217&""&H217&"-"&I217&"W",""),IFERROR(C217&"-"&F217&"-"&G217&""&H217&"-"&I217&"W",""))) -> Conv-MV-E40-1X-55W | C217: MV | D217: Conv | E217: Exterior | F217: E40 | H217: 1X | I217: 55 | J217: =IFERROR(K217*I217*VLOOKUP(C217,Mnu!$E$20:$F$37,2,FALSE)," ") -> 1925 | K217: 1
A218: 217 | B218: =IF(C218="","",IF(D218="Conv",IFERROR(D218&"-"&C218&"-"&F218&"-"&G218&""&H218&"-"&I218&"W",""),IFERROR(C218&"-"&F218&"-"&G218&""&H218&"-"&I218&"W",""))) -> LED_Bulb-HQL-1X-40W | C218: LED_Bulb | D218: LED | E218: Exterior | F218: HQL | H218: 1X | I218: 40 | J218: =IFERROR(K218*I218*VLOOKUP(C218,Mnu!$E$20:$F$37,2,FALSE)," ") -> 3000 | K218: 1
A219: 218 | B219: =IF(C219="","",IF(D219="Conv",IFERROR(D219&"-"&C219&"-"&F219&"-"&G219&""&H219&"-"&I219&"W",""),IFERROR(C219&"-"&F219&"-"&G219&""&H219&"-"&I219&"W",""))) -> Conv-MH--1X-250W | C219: MH | D219: Conv | E219: Exterior | H219: 1X | I219: 250 | J219: =IFERROR(K219*I219*VLOOKUP(C219,Mnu!$E$20:$F$37,2,FALSE)," ") -> 12500 | K219: 1
A220: 219 | B220: =IF(C220="","",IF(D220="Conv",IFERROR(D220&"-"&C220&"-"&F220&"-"&G220&""&H220&"-"&I220&"W",""),IFERROR(C220&"-"&F220&"-"&G220&""&H220&"-"&I220&"W",""))) -> Conv-MH--1X-1000W | C220: =C219 -> MH | D220: =D219 -> Conv | E220: =E219 -> Exterior | H220: 1X | I220: 1000 | J220: =IFERROR(K220*I220*VLOOKUP(C220,Mnu!$E$20:$F$37,2,FALSE)," ") -> 50000 | K220: 1
A221: 220 | B221: =IF(C221="","",IF(D221="Conv",IFERROR(D221&"-"&C221&"-"&F221&"-"&G221&""&H221&"-"&I221&"W",""),IFERROR(C221&"-"&F221&"-"&G221&""&H221&"-"&I221&"W",""))) -> LED_Flood_Light--1X-40W | C221: LED_Flood_Light | D221: LED | E221: Exterior | H221: 1X | I221: 40 | J221: =IFERROR(K221*I221*VLOOKUP(C221,Mnu!$E$20:$F$37,2,FALSE)," ") -> 3200 | K221: 1
A222: 221 | B222: =IF(C222="","",IF(D222="Conv",IFERROR(D222&"-"&C222&"-"&F222&"-"&G222&""&H222&"-"&I222&"W",""),IFERROR(C222&"-"&F222&"-"&G222&""&H222&"-"&I222&"W",""))) -> Conv-MH--1X-800W | C222: =C220 -> MH | D222: =D220 -> Conv | E222: =E220 -> Exterior | H222: 1X | I222: 800 | J222: =IFERROR(K222*I222*VLOOKUP(C222,Mnu!$E$20:$F$37,2,FALSE)," ") -> 40000 | K222: 1
A223: 222 | B223: =IF(C223="","",IF(D223="Conv",IFERROR(D223&"-"&C223&"-"&F223&"-"&G223&""&H223&"-"&I223&"W",""),IFERROR(C223&"-"&F223&"-"&G223&""&H223&"-"&I223&"W",""))) -> Conv-MH-E40 High Bay-1X-200W | C223: =C222 -> MH | D223: =D222 -> Conv | E223: =E222 -> Exterior | F223: E40 High Bay | H223: 1X | I223: 200 | J223: =IFERROR(K223*I223*VLOOKUP(C223,Mnu!$E$20:$F$37,2,FALSE)," ") -> 10000 | K223: 1
A224: 223 | B224: =IF(C224="","",IF(D224="Conv",IFERROR(D224&"-"&C224&"-"&F224&"-"&G224&""&H224&"-"&I224&"W",""),IFERROR(C224&"-"&F224&"-"&G224&""&H224&"-"&I224&"W",""))) -> LED_Panel_light-60X60-1X-55W | C224: LED_Panel_light | D224: LED | E224: Interior | F224: 60X60 | H224: 1X | I224: 55 | J224: =IFERROR(K224*I224*VLOOKUP(C224,Mnu!$E$20:$F$37,2,FALSE)," ") -> 4125 | K224: 1
A225: 224 | B225: =IF(C225="","",IF(D225="Conv",IFERROR(D225&"-"&C225&"-"&F225&"-"&G225&""&H225&"-"&I225&"W",""),IFERROR(C225&"-"&F225&"-"&G225&""&H225&"-"&I225&"W",""))) -> LED_Panel_light-60X60-1X-50W | C225: =C224 -> LED_Panel_light | D225: =D224 -> LED | E225: =E224 -> Interior | F225: =F224 -> 60X60 | H225: 1X | I225: 50 | J225: =IFERROR(K225*I225*VLOOKUP(C225,Mnu!$E$20:$F$37,2,FALSE)," ") -> 3750 | K225: 1
A226: 225 | B226: =IF(C226="","",IF(D226="Conv",IFERROR(D226&"-"&C226&"-"&F226&"-"&G226&""&H226&"-"&I226&"W",""),IFERROR(C226&"-"&F226&"-"&G226&""&H226&"-"&I226&"W",""))) -> LED_Downlight-4"-1X-26W | C226: LED_Downlight | D226: LED | E226: Interior | F226: 4" | H226: 1X | I226: 26 | J226: =IFERROR(K226*I226*VLOOKUP(C226,Mnu!$E$20:$F$37,2,FALSE)," ") -> 1950 | K226: 1
A227: 226 | B227: =IF(C227="","",IF(D227="Conv",IFERROR(D227&"-"&C227&"-"&F227&"-"&G227&""&H227&"-"&I227&"W",""),IFERROR(C227&"-"&F227&"-"&G227&""&H227&"-"&I227&"W",""))) -> Conv-Halogen-6"-1X-200W | C227: Halogen | D227: Conv | E227: Interior | F227: 6" | H227: 1X | I227: 200 | J227: =IFERROR(K227*I227*VLOOKUP(C227,Mnu!$E$20:$F$37,2,FALSE)," ") -> 2000 | K227: 1
A228: 227 | B228: =IF(C228="","",IF(D228="Conv",IFERROR(D228&"-"&C228&"-"&F228&"-"&G228&""&H228&"-"&I228&"W",""),IFERROR(C228&"-"&F228&"-"&G228&""&H228&"-"&I228&"W",""))) -> Conv-Halogen-6"-1X-30W | C228: =C227 -> Halogen | D228: =D227 -> Conv | E228: =E227 -> Interior | F228: =F227 -> 6" | H228: 1X | I228: 30 | J228: =IFERROR(K228*I228*VLOOKUP(C228,Mnu!$E$20:$F$37,2,FALSE)," ") -> 300 | K228: 1
A229: 228 | B229: =IF(C229="","",IF(D229="Conv",IFERROR(D229&"-"&C229&"-"&F229&"-"&G229&""&H229&"-"&I229&"W",""),IFERROR(C229&"-"&F229&"-"&G229&""&H229&"-"&I229&"W",""))) -> Conv-Halogen-6"-1X-28W | C229: =C227 -> Halogen | D229: =D228 -> Conv | E229: =E228 -> Interior | F229: =F228 -> 6" | H229: =H228 -> 1X | I229: 28 | J229: =IFERROR(K229*I229*VLOOKUP(C229,Mnu!$E$20:$F$37,2,FALSE)," ") -> 280 | K229: 1
A230: 229 | B230: =IF(C230="","",IF(D230="Conv",IFERROR(D230&"-"&C230&"-"&F230&"-"&G230&""&H230&"-"&I230&"W",""),IFERROR(C230&"-"&F230&"-"&G230&""&H230&"-"&I230&"W",""))) -> LED_Downlight-6"-1X-15W | C230: LED_Downlight | D230: LED | E230: Interior | F230: =F229 -> 6" | H230: 1X | I230: 15 | J230: =IFERROR(K230*I230*VLOOKUP(C230,Mnu!$E$20:$F$37,2,FALSE)," ") -> 1125 | K230: 1
A231: 230 | B231: =IF(C231="","",IF(D231="Conv",IFERROR(D231&"-"&C231&"-"&F231&"-"&G231&""&H231&"-"&I231&"W",""),IFERROR(C231&"-"&F231&"-"&G231&""&H231&"-"&I231&"W",""))) -> LED_Downlight-6"-1X-12W | C231: =C230 -> LED_Downlight | D231: =D230 -> LED | E231: =E230 -> Interior | F231: =F230 -> 6" | H231: 1X | I231: 12 | J231: =IFERROR(K231*I231*VLOOKUP(C231,Mnu!$E$20:$F$37,2,FALSE)," ") -> 900 | K231: 1
A232: 231 | B232: =IF(C232="","",IF(D232="Conv",IFERROR(D232&"-"&C232&"-"&F232&"-"&G232&""&H232&"-"&I232&"W",""),IFERROR(C232&"-"&F232&"-"&G232&""&H232&"-"&I232&"W",""))) -> LED_Downlight-8"-1X-18W | C232: =C231 -> LED_Downlight | D232: =D231 -> LED | E232: =E231 -> Interior | F232: 8" | H232: 1X | I232: 18 | J232: =IFERROR(K232*I232*VLOOKUP(C232,Mnu!$E$20:$F$37,2,FALSE)," ") -> 1350 | K232: 1
A233: 232 | B233: =IF(C233="","",IF(D233="Conv",IFERROR(D233&"-"&C233&"-"&F233&"-"&G233&""&H233&"-"&I233&"W",""),IFERROR(C233&"-"&F233&"-"&G233&""&H233&"-"&I233&"W",""))) -> Conv-Halogen-6"-1X-60W | C233: =C229 -> Halogen | D233: Conv | E233: =E232 -> Interior | F233: =F231 -> 6" | H233: 1X | I233: 60 | J233: =IFERROR(K233*I233*VLOOKUP(C233,Mnu!$E$20:$F$37,2,FALSE)," ") -> 600 | K233: 1
A234: 233 | B234: =IF(C234="","",IF(D234="Conv",IFERROR(D234&"-"&C234&"-"&F234&"-"&G234&""&H234&"-"&I234&"W",""),IFERROR(C234&"-"&F234&"-"&G234&""&H234&"-"&I234&"W",""))) -> Conv-Halogen-6"-1X-100W | C234: =C233 -> Halogen | D234: =D233 -> Conv | E234: =E233 -> Interior | F234: =F233 -> 6" | H234: 1X | I234: 100 | J234: =IFERROR(K234*I234*VLOOKUP(C234,Mnu!$E$20:$F$37,2,FALSE)," ") -> 1000 | K234: 1
A235: 234 | B235: =IF(C235="","",IF(D235="Conv",IFERROR(D235&"-"&C235&"-"&F235&"-"&G235&""&H235&"-"&I235&"W",""),IFERROR(C235&"-"&F235&"-"&G235&""&H235&"-"&I235&"W",""))) -> LED_Downlight-3"-1X-10W | C235: LED_Downlight | D235: LED | E235: Interior | F235: 3" | H235: 1X | I235: 10 | J235: =IFERROR(K235*I235*VLOOKUP(C235,Mnu!$E$20:$F$37,2,FALSE)," ") -> 750 | K235: 1
A236: 235 | B236: =IF(C236="","",IF(D236="Conv",IFERROR(D236&"-"&C236&"-"&F236&"-"&G236&""&H236&"-"&I236&"W",""),IFERROR(C236&"-"&F236&"-"&G236&""&H236&"-"&I236&"W",""))) -> LED_Downlight-3"-1X-4.5W | C236: =C235 -> LED_Downlight | D236: =D235 -> LED | E236: =E235 -> Interior | F236: 3" | H236: 1X | I236: 4.5 | J236: =IFERROR(K236*I236*VLOOKUP(C236,Mnu!$E$20:$F$37,2,FALSE)," ") -> 337.5 | K236: 1
A237: 236 | B237: =IF(C237="","",IF(D237="Conv",IFERROR(D237&"-"&C237&"-"&F237&"-"&G237&""&H237&"-"&I237&"W",""),IFERROR(C237&"-"&F237&"-"&G237&""&H237&"-"&I237&"W",""))) -> LED_Bulb-E27-1X-50W | C237: LED_Bulb | D237: =D236 -> LED | E237: =E236 -> Interior | F237: E27 | H237: 1X | I237: 50 | J237: =IFERROR(K237*I237*VLOOKUP(C237,Mnu!$E$20:$F$37,2,FALSE)," ") -> 3750 | K237: 1
A238: 237 | B238: =IF(C238="","",IF(D238="Conv",IFERROR(D238&"-"&C238&"-"&F238&"-"&G238&""&H238&"-"&I238&"W",""),IFERROR(C238&"-"&F238&"-"&G238&""&H238&"-"&I238&"W",""))) -> Conv-Halogen--1X-35W | C238: =C233 -> Halogen | D238: =D233 -> Conv | E238: =E233 -> Interior | H238: 1X | I238: 35 | J238: =IFERROR(K238*I238*VLOOKUP(C238,Mnu!$E$20:$F$37,2,FALSE)," ") -> 350 | K238: 1
A239: 238 | B239: =IF(C239="","",IF(D239="Conv",IFERROR(D239&"-"&C239&"-"&F239&"-"&G239&""&H239&"-"&I239&"W",""),IFERROR(C239&"-"&F239&"-"&G239&""&H239&"-"&I239&"W",""))) -> Conv-CFL-Downlight -2X-36W | C239: CFL | D239: Conv | E239: Interior | F239: Downlight | H239: 2X | I239: 36 | J239: =IFERROR(K239*I239*VLOOKUP(C239,Mnu!$E$20:$F$37,2,FALSE)," ") -> 3600 | K239: 2
A240: 239 | B240: =IF(C240="","",IF(D240="Conv",IFERROR(D240&"-"&C240&"-"&F240&"-"&G240&""&H240&"-"&I240&"W",""),IFERROR(C240&"-"&F240&"-"&G240&""&H240&"-"&I240&"W",""))) -> Conv-CFL-Pole Lamp-1X-100W | C240: =C239 -> CFL | D240: =D239 -> Conv | E240: =E239 -> Interior | F240: Pole Lamp | H240: 1X | I240: 100 | J240: =IFERROR(K240*I240*VLOOKUP(C240,Mnu!$E$20:$F$37,2,FALSE)," ") -> 5000 | K240: 1
A241: 240 | B241: =IF(C241="","",IF(D241="Conv",IFERROR(D241&"-"&C241&"-"&F241&"-"&G241&""&H241&"-"&I241&"W",""),IFERROR(C241&"-"&F241&"-"&G241&""&H241&"-"&I241&"W",""))) -> Conv-CFL-12" -3X-26W | C241: =C240 -> CFL | D241: =D240 -> Conv | E241: =E240 -> Interior | F241: 12" | H241: 3X | I241: 26 | J241: =IFERROR(K241*I241*VLOOKUP(C241,Mnu!$E$20:$F$37,2,FALSE)," ") -> 3900 | K241: 3
A242: 241 | B242: =IF(C242="","",IF(D242="Conv",IFERROR(D242&"-"&C242&"-"&F242&"-"&G242&""&H242&"-"&I242&"W",""),IFERROR(C242&"-"&F242&"-"&G242&""&H242&"-"&I242&"W",""))) -> Conv-CFL--3X-12W | C242: =C241 -> CFL | D242: =D241 -> Conv | E242: =E241 -> Interior | H242: 3X | I242: 12 | J242: =IFERROR(K242*I242*VLOOKUP(C242,Mnu!$E$20:$F$37,2,FALSE)," ") -> 1800 | K242: 3
...

Sheet Vstack
A1: Description | B1: Sr. No. | C1: Lamp Type | D1: Model | E1: Brand | F1: Shape/Size/Base | G1: Length/Width/Diameter | H1: Wattage (W) | I1: Lumens (lm) | J1: CCT (K) | K1: Life Hour Tested (Hrs.) | L1: Operating V/g (V)

Sheet Project_Light List
A1: Sr. No. | B1: Lamp Type | C1: Model | D1: Brand | E1: Shape/Size/Base | F1: Length/Width/Diameter | G1: Wattage (W) | H1: Lumens (lm) | I1: CCT (K) | J1: Life Hour Tested (Hrs.) | K1: Operating V/g (V) | M1: Sr. No. | N1: Lamp Type | O1: Model | P1: Brand | Q1: Shape/Size/Base | R1: Length/Width/Diameter | S1: Wattage (W) | T1: Lumens (lm) | U1: CCT (K) | V1: Life Hour Tested (Hrs.) | W1: Operating V/g (V) | Y1: Sr. No. | Z1: Lamp Type | AA1: Model | AB1: Brand | AC1: Shape/Size/Base | AD1: Length/Width/Diameter | AE1: Wattage (W) | AF1: Lumens (lm) | AG1: CCT (K) | AH1: Life Hour Tested (Hrs.) | AI1: Operating V/g (V) | AK1: Sr. No. | AL1: Lamp Type | AM1: Model | AN1: Brand | AO1: Shape/Size/Base | AP1: Length/Width/Diameter | AQ1: Wattage (W) | AR1: Lumens (lm) | AS1: CCT (K) | AT1: Life Hour Tested (Hrs.) | AU1: Operating V/g (V) | AW1: Sr. No. | AX1: Lamp Type | AY1: Model | AZ1: Brand | BA1: Shape/Size/Base | BB1: Length/Width/Diameter | BC1: Wattage (W) | BD1: Lumens (lm) | BE1: CCT (K) | BF1: Life Hour Tested (Hrs.) | BG1: Operating V/g (V)
A2: 1 | B2: LED Tube | C2: Ult TLED T5 7W 4000K 600mm IP20 ND | D2: Honeywell | E2: T5 | F2: 600 mm | G2: 7 | H2: 1155 | I2: 4000 | J2: 50000 | K2: 100-240 | M2: 1 | N2: LED Stick | O2: Ess Stick 7W 3000K T36 100-240V E27 IP20 ND | P2: Honeywell | Q2: E27 | R2: - | S2: 7 | T2: 840 | U2: 3000 | V2: 15000 | W2: 100-240 | Y2: 1 | Z2: LED Panel | AA2: LDPFM PL0606B 22W 840 WV (P-PL0606B-22W840-WV-K) | AB2: LEDVANCE | AC2: Square | AD2: 600 X 600 mm | AE2: 22 | AF2: 3300 | AG2: 4000 | AH2: 50000 | AI2: 100-277 | AK2: 1 | AL2: LED Down Light | AM2: LDSUP DL 105 6W 930 WV (P-DL-R105-6W-WV-G3-930) | AN2: LEDVANCE | AO2: Round-4" | AP2: 4" | AQ2: 6 | AR2: 750 | AS2: 3000 | AT2: 50000 | AU2: 100-277 | AW2: 1 | AX2: LED Flood Light | AY2: BVP151LED120/CW 120-277V 100W SWB 6500K | AZ2: Philips | BA2: - | BB2: - | BC2: 100 | BD2: 12000 | BE2: 6500 | BF2: 50000 | BG2: 120-277
A3: 2 | B3: LED Tube | C3: Ult TLED T5 7W 6500K 600mmIP20 ND | D3: Honeywell | E3: T5 | F3: 600 mm | G3: 7 | H3: 1155 | I3: 6500 | J3: 50000 | K3: 100-240 | M3: 2 | N3: LED Stick | O3: Ess Stick 7W 4000K T36 100-240V E27 IP20 ND | P3: Honeywell | Q3: E27 | R3: - | S3: 7 | T3: 840 | U3: 4000 | V3: 15000 | W3: 100-240 | Y3: 2 | Z3: LED Panel | AA3: LDPFM PL0606B 22W 865 WV (P-PL0606B-22W865-WV-K) | AB3: LEDVANCE | AC3: Square | AD3: 600 X 600 mm | AE3: 22 | AF3: 3300 | AG3: 6500 | AH3: 50000 | AI3: 100-277 | AK3: 2 | AL3: LED Down Light | AM3: LDSUP DL 105 6W 940 WV (P-DL-R105-6W-WV-G3-940) | AN3: LEDVANCE | AO3: Round-4" | AP3: 4" | AQ3: 6 | AR3: 780 | AS3: 4000 | AT3: 50000 | AU3: 100-277 | AW3: 2 | AX3: LED Flood Light | AY3: BVP151LED180/NW 120-277V 150W SWB 4000K | AZ3: Philips | BA3: - | BB3: - | BC3: 150 | BD3: 18000 | BE3: 4000 | BF3: 50000 | BG3: 120-277
A4: 3 | B4: LED Tube | C4: Ult TLED T5 10.5W 4000K 900mm IP20 ND | D4: Honeywell | E4: T5 | F4: 900 mm | G4: 10.5 | H4: 1735 | I4: 4000 | J4: 50000 | K4: 100-240 | M4: 3 | N4: LED Stick | O4: Ess Stick 7W 6500K T36 100-240V E27 IP20 ND | P4: Honeywell | Q4: E27 | R4: - | S4: 7 | T4: 840 | U4: 6500 | V4: 15000 | W4: 100-240 | Y4: 3 | Z4: LED Panel | AA4: LDPFM PL0606B 24W 830 (P-PL0606B-24W830-WV) | AB4: LEDVANCE | AC4: Square | AD4: 600 X 600 mm | AE4: 24 | AF4: 3600 | AG4: 3000 | AH4: 50000 | AI4: 100-277 | AK4: 3 | AL4: LED Down Light | AM4: LDSUP DL 105 6W 965 WV (P-DL-R105-6W-WV-G3-965) | AN4: LEDVANCE | AO4: Round-4" | AP4: 4" | AQ4: 6 | AR4: 780 | AS4: 6500 | AT4: 50000 | AU4: 100-277 | AW4: 3 | AX4: LED Flood Light | AY4: BVP151LED60/NW 120-277V 50W SWB 4000K | AZ4: Philips | BA4: - | BB4: - | BC4: 50 | BD4: 6000 | BE4: 4000 | BF4: 50000 | BG4: 100-277
A5: 4 | B5: LED Tube | C5: Ult TLED T5 10.5W 6500K 900mm IP20 ND | D5: Honeywell | E5: T5 | F5: 900 mm | G5: 10.5 | H5: 1735 | I5: 6500 | J5: 50000 | K5: 100-240 | M5: 4 | N5: LED Stick | O5: Ess Stick 9W 3000K T36 100-240V E27 IP20 ND | P5: Honeywell | Q5: E27 | R5: - | S5: 9 | T5: 1080 | U5: 3000 | V5: 15000 | W5: 100-240 | Y5: 4 | Z5: LED Panel | AA5: LDPFM PL0606B 24W 840 (P-PL0606B-24W840-WV) | AB5: LEDVANCE | AC5: Square | AD5: 600 X 600 mm | AE5: 24 | AF5: 3840 | AG5: 4000 | AH5: 50000 | AI5: 100-277 | AK5: 4 | AL5: LED Down Light | AM5: LDSUP DL 150 9W 930 WV (P-DL-R150-9W-WV-G3-930) | AN5: LEDVANCE | AO5: Round-6" | AP5: 6" | AQ5: 9 | AR5: 1200 | AS5: 3000 | AT5: 50000 | AU5: 100-277 | AW5: 4 | AX5: LED Flood Light | AY5: BVP151LED60/NW 120-277V 70W SWB 4000K | AZ5: Philips | BA5: - | BB5: - | BC5: 70 | BD5: 8400 | BE5: 4000 | BF5: 50000 | BG5: 100-277
A6: 5 | B6: LED Tube | C6: Ult TLED T5 14.5W 4000K 1200mmIP20 ND | D6: Honeywell | E6: T5 | F6: 1200 mm | G6: 14.5 | H6: 2395 | I6: 4000 | J6: 50000 | K6: 100-240 | M6: 5 | N6: LED Stick | O6: Ess Stick 9W 4000K T36 100-240V E27 IP20 ND | P6: Honeywell | Q6: E27 | R6: - | S6: 9 | T6: 1080 | U6: 4000 | V6: 15000 | W6: 100-240 | Y6: 5 | Z6: LED Panel | AA6: LDPFM PL0606B 24W 865 (P-PL0606B-24W865-WV) | AB6: LEDVANCE | AC6: Square | AD6: 600 X 600 mm | AE6: 24 | AF6: 3840 | AG6: 6500 | AH6: 50000 | AI6: 100-277 | AK6: 5 | AL6: LED Down Light | AM6: LDSUP DL 150 9W 940 WV (P-DL-R150-9W-WV-G3-940) | AN6: LEDVANCE | AO6: Round-6" | AP6: 6" | AQ6: 9 | AR6: 1260 | AS6: 4000 | AT6: 50000 | AU6: 100-277 | AW6: 5 | AX6: LED Street Light | AY6: Xceed BRP381 45W 120-277V 3000K | AZ6: Philips | BA6: - | BB6: - | BC6: 45 | BD6: 7000 | BE6: 3000 | BF6: 100000 | BG6: 100-277
A7: 6 | B7: LED Tube | C7: Ult TLED T5 14.5W 6500K 1200mmIP20 ND | D7: Honeywell | E7: T5 | F7: 1200 mm | G7: 14.5 | H7: 2395 | I7: 6500 | J7: 50000 | K7: 100-240 | M7: 6 | N7: LED Stick | O7: Ess Stick 9W 6500K T36 100-240V E27 IP20 ND | P7: Honeywell | Q7: E27 | R7: - | S7: 9 | T7: 1080 | U7: 6500 | V7: 15000 | W7: 100-240 | Y7: 6 | Z7: LED Panel | AA7: LDPFM PL0606 20W HE1 840 WV 6X1 KSALEDV | AB7: LEDVANCE | AC7: Square | AD7: 600 X 600 mm | AE7: 20 | AF7: 3800 | AG7: 4000 | AH7: 50000 | AI7: 100-240 | AK7: 6 | AL7: LED Down Light | AM7: LDSUP DL 150 9W 965 WV (P-DL-R150-9W-WV-G3-965) | AN7: LEDVANCE | AO7: Round-6" | AP7: 6" | AQ7: 9 | AR7: 1260 | AS7: 6500 | AT7: 50000 | AU7: 100-277 | AW7: 6 | AX7: LED Street Light | AY7: Xceed BRP381 45W 120-277V 4000K | AZ7: Philips | BA7: - | BB7: - | BC7: 45 | BD7: 7000 | BE7: 4000 | BF7: 100000 | BG7: 100-277
A8: 7 | B8: LED Tube | C8: Ult TLED T5 17W 4000K 1500mmIP20 ND | D8: Honeywell | E8: T5 | F8: 1500 mm | G8: 17 | H8: 2805 | I8: 4000 | J8: 50000 | K8: 100-240 | M8: 7 | N8: LED Stick | O8: Ess Stick 10W 3000K T36 100-240V E27 IP20 ND | P8: Honeywell | Q8: E27 | R8: - | S8: 10 | T8: 1200 | U8: 3000 | V8: 15000 | W8: 100-240 | Y8: 7 | Z8: LED Panel | AA8: LDPFM PL0606 20W HE1 865 WV 6X1 KSALEDV | AB8: LEDVANCE | AC8: Square | AD8: 600 X 600 mm | AE8: 20 | AF8: 3800 | AG8: 6500 | AH8: 50000 | AI8: 100-240 | AK8: 7 | AL8: LED Down Light | AM8: LDSUP DL 150 12W 930 WV (P-DL-R150-12W-WV-G3-930) | AN8: LEDVANCE | AO8: Round-6" | AP8: 6" | AQ8: 12 | AR8: 1600 | AS8: 3000 | AT8: 50000 | AU8: 100-277 | AW8: 7 | AX8: LED Street Light | AY8: Xceed BRP381 45W 120-277V 6500K | AZ8: Philips | BA8: - | BB8: - | BC8: 45 | BD8: 7000 | BE8: 6500 | BF8: 100000 | BG8: 100-277
A9: 8 | B9: LED Tube | C9: Ult TLED T5 17W 6500K 1500mm IP20 ND | D9: Honeywell | E9: T5 | F9: 1500 mm | G9: 17 | H9: 2805 | I9: 6500 | J9: 50000 | K9: 100-240 | M9: 8 | N9: LED Stick | O9: Ess Stick 10W 4000K T36 100-240V E27 IP20 ND | P9: Honeywell | Q9: E27 | R9: - | S9: 10 | T9: 1200 | U9: 4000 | V9: 15000 | W9: 100-240 | Y9: 8 | Z9: LED Panel | AA9: LDPFM PL0606B 28W 830 WV (P-PL0606B-28W830-WV-H) | AB9: LEDVANCE | AC9: Square | AD9: 600 X 600 mm | AE9: 28 | AF9: 3680 | AG9: 3000 | AH9: 50000 | AI9: 100-277 | AK9: 8 | AL9: LED Down Light | AM9: LDSUP DL 150 12W 940 WV (P-DL-R150-12W-WV-G3-940) | AN9: LEDVANCE | AO9: Round-6" | AP9: 6" | AQ9: 12 | AR9: 1680 | AS9: 4000 | AT9: 50000 | AU9: 100-277 | AW9: 8 | AX9: LED Street Light | AY9: Xceed BRP384 302W 120-277 4000K | AZ9: Philips | BA9: - | BB9: - | BC9: 302 | BD9: 45000 | BE9: 4000 | BF9: 100000 | BG9: 120-277
A10: 9 | B10: LED Tube | C10: Ult TLED T5 24W 4000K 1500mm IP20 ND | D10: Honeywell | E10: T5 | F10: 1500 mm | G10: 24 | H10: 3960 | I10: 4000 | J10: 50000 | K10: 100-240 | M10: 9 | N10: LED Stick | O10: Ess Stick 10W 6500K T36 100-240V E27 IP20 ND | P10: Honeywell | Q10: E27 | R10: - | S10: 10 | T10: 1200 | U10: 6500 | V10: 15000 | W10: 100-240 | Y10: 9 | Z10: LED Panel | AA10: LDPFM PL0606B 28W 840 WV (P-PL0606B-28W840-WV-H) | AB10: LEDVANCE | AC10: Square | AD10: 600 X 600 mm | AE10: 28 | AF10: 4000 | AG10: 4000 | AH10: 50000 | AI10: 100-277 | AK10: 9 | AL10: LED Down Light | AM10: LDSUP DL 150 12W 965 WV (P-DL-R150-12W-WV-G3-965) | AN10: LEDVANCE | AO10: Round-6" | AP10: 6" | AQ10: 12 | AR10: 1680 | AS10: 6500 | AT10: 50000 | AU10: 100-277 | AW10: 9 | AX10: LED Street Light | AY10: Xceed BRP384 26W 120-277 4000K | AZ10: Philips | BA10: - | BB10: - | BC10: 26 | BD10: 3750 | BE10: 4000 | BF10: 100000 | BG10: 120-277
A11: 10 | B11: LED Tube | C11: Ult TLED T5 24W 6500K 1500mm IP20 ND | D11: Honeywell | E11: T5 | F11: 1500 mm | G11: 24 | H11: 3960 | I11: 6500 | J11: 50000 | K11: 100-240 | M11: 10 | N11: LED Stick | O11: Ess Stick 12W 3000K T44 100-240V E27 IP20 ND | P11: Honeywell | Q11: E27 | R11: - | S11: 12 | T11: 1440 | U11: 3000 | V11: 15000 | W11: 100-240 | Y11: 10 | Z11: LED Panel | AA11: LDPFM PL0606B 28W 865 WV (P-PL0606B-28W865-WV-H) | AB11: LEDVANCE | AC11: Square | AD11: 600 X 600 mm | AE11: 28 | AF11: 4000 | AG11: 6500 | AH11: 50000 | AI11: 100-277 | AK11: 10 | AL11: LED Down Light | AM11: LDSUP DL 190 15W 930 WV (P-DL-R190-15W-WV-G3-930) | AN11: LEDVANCE | AO11: Round-8" | AP11: 8" | AQ11: 15 | AR11: 2000 | AS11: 3000 | AT11: 50000 | AU11: 100-277 | AW11: 10 | AX11: LED Street Light | AY11: Xceed BRP384 264W 120‐277V 6500K | AZ11: Philips | BA11: - | BB11: - | BC11: 264 | BD11: 40000 | BE11: 6500 | BF11: 100000 | BG11: 100-277
A12: 11 | B12: LED Tube | C12: Ult TLED T8 5.5W 3000K 60cm G13 IP20 ND | D12: Honeywell | E12: T8 | F12: 600 mm | G12: 5.5 | H12: 900 | I12: 3000 | J12: 50000 | K12: 100-240 | M12: 11 | N12: LED Stick | O12: Ess Stick 12W 4000K T44 100-240V E27 IP20 ND | P12: Honeywell | Q12: E27 | R12: - | S12: 12 | T12: 1440 | U12: 4000 | V12: 15000 | W12: 100-240 | Y12: 11 | Z12: LED Panel | AA12: LDVAL PANEL 0312 36W 840 | AB12: Ledvance | AC12: Rectangular | AD12: 300 X 1200 mm | AE12: 36 | AF12: 4000 | AG12: 4000 | AH12: 50000 | AI12: 220-240 | AK12: 11 | AL12: LED Down Light | AM12: LDSUP DL 190 15W 940 WV (P-DL-R190-15W-WV-G3-940) | AN12: LEDVANCE | AO12: Round-8" | AP12: 8" | AQ12: 15 | AR12: 2100 | AS12: 4000 | AT12: 50000 | AU12: 100-277 | AW12: 11 | AX12: LED Street Light | AY12: Xceed BRP381 3000K 102W 120-277V | AZ12: Philips | BA12: - | BB12: - | BC12: 102 | BD12: 15000 | BE12: 3000 | BF12: 100000 | BG12: 100-277
A13: 12 | B13: LED Tube | C13: Ult TLED T8 5.5W 4000K 60cm G13 IP20 ND | D13: Honeywell | E13: T8 | F13: 600 mm | G13: 5.5 | H13: 1000 | I13: 4000 | J13: 50000 | K13: 100-240 | M13: 12 | N13: LED Stick | O13: Ess Stick 12W 6500K T44 100-240V E27 IP20 ND | P13: Honeywell | Q13: E27 | R13: - | S13: 12 | T13: 1440 | U13: 6500 | V13: 15000 | W13: 100-240 | Y13: 12 | Z13: LED Panel | AA13: LDVAL PANEL 0312 36W 865 | AB13: Ledvance | AC13: Rectangular | AD13: 300 X 1200 mm | AE13: 36 | AF13: 4000 | AG13: 6500 | AH13: 50000 | AI13: 220-240 | AK13: 12 | AL13: LED Down Light | AM13: LDSUP DL 190 15W 965 WV (P-DL-R190-15W-WV-G3-965) | AN13: LEDVANCE | AO13: Round-8" | AP13: 8" | AQ13: 15 | AR13: 2100 | AS13: 6500 | AT13: 50000 | AU13: 100-277 | AW13: 12 | AX13: LED Street Light | AY13: Xceed BRP381 4000K 102W 120-277V | AZ13: Philips | BA13: - | BB13: - | BC13: 102 | BD13: 15000 | BE13: 4000 | BF13: 100000 | BG13: 100-277
... A26: 25 | B26: LED Tube | C26: Adv TLED T8 20W 4000K 150cm G13 IP20 ND | D26: Honeywell | E26: T8 | F26: 1500 mm | G26: 20 | H26: 3200 | I26: 4000 | J26: 50000 | K26: 100-240 | M26: 25 | N26: LED Bulb | O26: Ess Bulb 9W 4000K A60 220-240V E27 IP20 ND | P26: Honeywell | Q26: E27 | R26: - | S26: 9 | T26: 900 | U26: 4000 | V26: 15000 | W26: 220-240 | Y26: 25 | Z26: LED Panel | AA26: Ult BL 25W 4000K 100-277V 30X120 IP20/54 ND UGR<19 | AB26: Honeywell | AC26: Rectangular | AD26: 300 X 1200 mm | AE26: 25 | AF26: 4000 | AG26: 4000 | AH26: 50000 | AI26: 100-240 | AK26: 25 | AL26: LED Down Light | AM26: LDVAL SLIMDL RD 150 15W830 | AN26: Osram | AO26: Round-6" | AP26: 6" | AQ26: 15 | AR26: 1080 | AS26: 3000 | AT26: 30000 | AU26: 220-240 | AW26: 25 | AX26: LED Flood Light | AY26: LDPFM FL HP400W 865 | AZ26: Ledvance | BA26: - | BB26: 30D,55D,40X85D | BC26: 400 | BD26: 40000 | BE26: 6500 | BF26: 50000 | BG26: 100-240
A27: 26 | B27: LED Tube | C27: Adv TLED T8 20W 6500K 150cm G13 IP20 ND | D27: Honeywell | E27: T8 | F27: 1500 mm | G27: 20 | H27: 3200 | I27: 6500 | J27: 50000 | K27: 100-240 | M27: 26 | N27: LED Bulb | O27: Ess Bulb 9W 6500K A60 220-240V E27 IP20 ND | P27: Honeywell | Q27: E27 | R27: - | S27: 9 | T27: 900 | U27: 6500 | V27: 15000 | W27: 220-240 | Y27: 26 | Z27: LED Panel | AA27: Ult BL 25W 6500K 100-277V 30X120 IP20/54 ND UGR<19 | AB27: Honeywell | AC27: Rectangular | AD27: 300 X 1200 mm | AE27: 25 | AF27: 4000 | AG27: 6500 | AH27: 50000 | AI27: 100-240 | AK27: 26 | AL27: LED Down Light | AM27: LDVAL SLIMDL RD 150 15W840 | AN27: Osram | AO27: Round-6" | AP27: 6" | AQ27: 15 | AR27: 1200 | AS27: 4000 | AT27: 30000 | AU27: 220-240 | AW27: 26 | AX27: LED Flood Light | AY27: LDPFM FL HP 600W 865 | AZ27: Ledvance | BB27: 30D,55D,40X85D | BC27: 600 | BD27: 60000 | BE27: 6500 | BF27: 50000 | BG27: 100-240
A28: 27 | B28: LED Batten Light | C28: Adv WP 16W 4000K IP65 ND | D28: Honeywell | E28: Rectangle line | F28: 600 mm | G28: 16 | H28: 2560 | I28: 4000 | J28: 50000 | K28: 100-240 | M28: 27 | N28: LED Bulb | O28: Ess Bulb 12W 3000K A60 220-240V E27 IP20 ND | P28: Honeywell | Q28: E27 | R28: - | S28: 12 | T28: 1200 | U28: 3000 | V28: 15000 | W28: 220-240 | Y28: 27 | Z28: LED Panel | AA28: Ult BL 38W 4000K 100-277V 60X120 IP20/54 ND UGR<19 | AB28: Honeywell | AC28: Rectangular | AD28: 600 X 1200 mm | AE28: 38 | AF28: 6080 | AG28: 4000 | AH28: 50000 | AI28: 100-240 | AK28: 27 | AL28: LED Down Light | AM28: LDVAL SLIMDL RD 150 15W865 | AN28: Osram | AO28: Round-6" | AP28: 6" | AQ28: 15 | AR28: 1200 | AS28: 6500 | AT28: 30000 | AU28: 220-240 | AW28: 27 | AX28: LED Flood Light | AY28: LDPFM FL HP 600W 840 | AZ28: Ledvance | BA28: - | BB28: 30D,55D,40X85D | BC28: 600 | BD28: 60000 | BE28: 4000 | BF28: 50000 | BG28: 100-240
A29: 28 | B29: LED Batten Light | C29: Adv WP 16W 6500K IP65 ND | D29: Honeywell | E29: Rectangle line | F29: 600 mm | G29: 16 | H29: 2560 | I29: 6500 | J29: 50000 | K29: 100-240 | M29: 28 | N29: LED Bulb | O29: Ess Bulb 12W 4000K A60 220-240V E27 IP20 ND | P29: Honeywell | Q29: E27 | R29: - | S29: 12 | T29: 1200 | U29: 4000 | V29: 15000 | W29: 220-240 | Y29: 28 | Z29: LED Panel | AA29: Ult BL 38W 6500K 100-277V 60X120 IP20/54 ND UGR<19 | AB29: Honeywell | AC29: Rectangular | AD29: 600 X 1200 mm | AE29: 38 | AF29: 6080 | AG29: 6500 | AH29: 50000 | AI29: 100-240 | AK29: 28 | AL29: LED Down Light | AM29: LDVAL SLIMDL RD 205 18W830 | AN29: Osram | AO29: Round-8" | AP29: 8" | AQ29: 18 | AR29: 1600 | AS29: 3000 | AT29: 30000 | AU29: 220-240 | AW29: 28 | AX29: LED Flood Light | AY29: LDPFM FL 10W 830 (P-FL-10W-WV-G4-830) | AZ29: LEDVANCE | BA29: Square | BB29: 131x92x36mm | BC29: 10 | BD29: 1450 | BE29: 3000 | BF29: 100000 | BG29: 100-277
A30: 29 | B30: LED Batten Light | C30: Adv WP 30W 4000K IP65 ND | D30: Honeywell | E30: Rectangle line | F30: 1200 mm | G30: 30 | H30: 4800 | I30: 4000 | J30: 50000 | K30: 100-240 | M30: 29 | N30: LED Bulb | O30: Ess Bulb 12W 6500K A60 220-240V E27 IP20 ND | P30: Honeywell | Q30: E27 | R30: - | S30: 12 | T30: 1200 | U30: 6500 | V30: 15000 | W30: 220-240 | Y30: 29 | Z30: LED Surface Light | AA30: Ess Surface R SMD DL 18W 3000K 220-240V IP20 ND | AB30: Honeywell | AC30: Round | AD30: 223 mm | AE30: 18 | AF30: 1325 | AG30: 3000 | AH30: 25000 | AI30: 220-240 | AK30: 29 | AL30: LED Down Light | AM30: LDVAL SLIMDL RD 205 18W840 | AN30: Osram | AO30: Round-8" | AP30: 8" | AQ30: 18 | AR30: 1750 | AS30: 4000 | AT30: 30000 | AU30: 220-240 | AW30: 29 | AX30: LED Flood Light | AY30: LDPFM FL 10W 840 (P-FL-10W-WV-G4-840) | AZ30: LEDVANCE | BA30: Square | BB30: 131x92x36mm | BC30: 10 | BD30: 1550 | BE30: 4000 | BF30: 100000 | BG30: 100-277
A31: 30 | B31: LED Batten Light | C31: Adv WP 30W 6500K IP65 ND | D31: Honeywell | E31: Rectangle line | F31: 1200 mm | G31: 30 | H31: 4800 | I31: 6500 | J31: 50000 | K31: 100-240 | M31: 30 | N31: LED Bulb | O31: Ess Bulb 17.7W 3000K A65 220-240V E27 IP20 ND | P31: Honeywell | Q31: E27 | R31: - | S31: 17.7 | T31: 1770 | U31: 3000 | V31: 15000 | W31: 220-240 | Y31: 30 | Z31: LED Surface Light | AA31: Ess Surface R SMD DL 18W 4000K 220-240V IP20 ND | AB31: Honeywell | AC31: Round | AD31: 223 mm | AE31: 18 | AF31: 1440 | AG31: 4000 | AH31: 25000 | AI31: 220-240 | AK31: 30 | AL31: LED Down Light | AM31: LDVAL SLIMDL RD 205 18W865 | AN31: Osram | AO31: Round-8" | AP31: 8" | AQ31: 18 | AR31: 1750 | AS31: 6500 | AT31: 30000 | AU31: 220-240 | AW31: 30 | AX31: LED Flood Light | AY31: LDPFM FL 10W 865 (P-FL-10W-WV-G4-865) | AZ31: LEDVANCE | BA31: Square | BB31: 131x92x36mm | BC31: 10 | BD31: 1550 | BE31: 6500 | BF31: 100000 | BG31: 100-277
A32: 31 | B32: LED Batten Light | C32: Adv WP 45W 4000K IP65 ND | D32: Honeywell | E32: Rectangle line | F32: 1500 mm | G32: 45 | H32: 7200 | I32: 4000 | J32: 50000 | K32: 100-240 | M32: 31 | N32: LED Bulb | O32: Ess Bulb 17.7W 4000K A65 220-240V E27 IP20 ND | P32: Honeywell | Q32: E27 | R32: - | S32: 17.7 | T32: 1770 | U32: 4000 | V32: 15000 | W32: 220-240 | Y32: 31 | Z32: LED Panel | AA32: RC199VLED40/830 PSU W60L60 UE KSA | AB32: Philips | AC32: Square | AD32: 600 X 600 mm | AE32: 21 | AF32: 4000 | AG32: 3000 | AH32: 50000 | AI32: 220-240 | AK32: 31 | AL32: LED Down Light | AM32: Ultimate Downlight UE UGR 5.5W 3000K 100-240V ND | AN32: Honeywell | AO32: Round-4" | AP32: 4 | AQ32: 5.5 | AR32: 693 | AS32: 3000 | AT32: 50000 | AU32: 100-240 | AW32: 31 | AX32: LED Flood Light | AY32: LDPFM FL 15W 830 (P-FL-15W-WV-G4-830) | AZ32: LEDVANCE | BA32: Square | BB32: 156x109x42mm | BC32: 15 | BD32: 2150 | BE32: 3000 | BF32: 100000 | BG32: 100-277
A33: 32 | B33: LED Batten Light | C33: Adv WP 45W 6500K IP65 ND | D33: Honeywell | E33: Rectangle line | F33: 1500 mm | G33: 45 | H33: 7200 | I33: 6500 | J33: 50000 | K33: 100-240 | M33: 32 | N33: LED Bulb | O33: Ess Bulb 17.7W 6500K A65 220-240V E27 IP20 ND | P33: Honeywell | Q33: E27 | R33: - | S33: 17.7 | T33: 1770 | U33: 6500 | V33: 15000 | W33: 220-240 | Y33: 32 | Z33: LED Panel | AA33: RC199VLED57/830 PSU W60L120 UE KSA | AB33: Philips | AC33: Rectangular | AD33: 600 X 1200 mm | AE33: 33 | AF33: 5700 | AG33: 3000 | AH33: 50000 | AI33: 220-240 | AK33: 32 | AL33: LED Down Light | AM33: Ultimate Downlight UE UGR 5.5W 4000K 100-240V ND | AN33: Honeywell | AO33: Round-4" | AP33: 4 | AQ33: 5.5 | AR33: 721 | AS33: 4000 | AT33: 50000 | AU33: 100-240 | AW33: 32 | AX33: LED Flood Light | AY33: LDPFM FL 15W 840 (P-FL-15W-WV-G4-840) | AZ33: LEDVANCE | BA33: Square | BB33: 156x109x42mm | BC33: 15 | BD33: 2350 | BE33: 4000 | BF33: 100000 | BG33: 100-277
A34: 33 | B34: LED Tube | C34: ST8A-0.6M 5,3W/830100-240VEM25X1KSAOSRAM | D34: Osram | E34: T8 | F34: 600 mm | G34: 5.3 | H34: 900 | I34: 3000 | J34: 50000 | K34: 100-240 | M34: 33 | N34: LED Candle Light | O34: Ess Candle 5W 3000K B35 220-240V E14 IP20 ND | P34: Honeywell | Q34: E14 | R34: - | S34: 5 | T34: 500 | U34: 3000 | V34: 15000 | W34: 220-240 | Y34: 33 | Z34: LED Panel | AA34: RC099V G3LED38/830 PSU W60L60 HE | AB34: Philips | AC34: Square | AD34: 600 X 600 mm | AE34: 27 | AF34: 3800 | AG34: 3000 | AH34: 50000 | AI34: 220-240 | AK34: 33 | AL34: LED Down Light | AM34: Ultimate Downlight UE UGR 5.5W 6500K 100-240V ND | AN34: Honeywell | AO34: Round-4" | AP34: 4 | AQ34: 5.5 | AR34: 721 | AS34: 6500 | AT34: 50000 | AU34: 100-240 | AW34: 33 | AX34: LED Flood Light | AY34: LDPFM FL 15W 865 (P-FL-15W-WV-G4-865) | AZ34: LEDVANCE | BA34: Square | BB34: 156x109x42mm | BC34: 15 | BD34: 2350 | BE34: 6500 | BF34: 100000 | BG34: 100-277
A35: 34 | B35: LED Tube | C35: ST8A-0.6M 5,3W/840100-240VEM25X1KSAOSRAM | D35: Osram | E35: T8 | F35: 600 mm | G35: 5.3 | H35: 1000 | I35: 4000 | J35: 50000 | K35: 100-240 | M35: 34 | N35: LED Candle Light | O35: Ess Candle 5W 4000K B35 220-240V E14 IP20 ND | P35: Honeywell | Q35: E14 | R35: - | S35: 5 | T35: 500 | U35: 4000 | V35: 15000 | W35: 220-240 | Y35: 34 | Z35: LED Panel | AA35: RC199VLED40/840 PSU W60L60 UE KSA | AB35: Philips | AC35: Square | AD35: 600 X 600 mm | AE35: 21 | AF35: 4000 | AG35: 4000 | AH35: 50000 | AI35: 220-240 | AK35: 34 | AL35: LED Down Light | AM35: Ultimate Downlight UE UGR 8.5W 3000K 100-240V ND | AN35: Honeywell | AO35: Round-6" | AP35: 6 | AQ35: 8.5 | AR35: 1139 | AS35: 3000 | AT35: 50000 | AU35: 100-240 | AW35: 34 | AX35: LED Flood Light | AY35: LDPFM FL 25W 830 (P-FL-25W-WV-G4-830) | AZ35: LEDVANCE | BA35: Square | BB35: 186x134x42mm | BC35: 25 | BD35: 3750 | BE35: 3000 | BF35: 100000 | BG35: 100-277
A36: 35 | B36: LED Tube | C36: ST8A-0.6M 5,3W/865100-240VEM25X1KSAOSRAM | D36: Osram | E36: T8 | F36: 600 mm | G36: 5.3 | H36: 1000 | I36: 6500 | J36: 50000 | K36: 100-240 | M36: 35 | N36: LED Candle Light | O36: Ess Candle 5W 6500K B35 220-240V E14 IP20 ND | P36: Honeywell | Q36: E14 | R36: - | S36: 5 | T36: 500 | U36: 6500 | V36: 15000 | W36: 220-240 | Y36: 35 | Z36: LED Panel | AA36: RC199VLED57/840 PSU W60L120 UE KSA | AB36: Philips | AC36: Rectangular | AD36: 600 X 1200 mm | AE36: 33 | AF36: 5700 | AG36: 4000 | AH36: 50000 | AI36: 220-240 | AK36: 35 | AL36: LED Down Light | AM36: Ultimate Downlight UE UGR 8.5W 4000K 100-240V ND | AN36: Honeywell | AO36: Round-6" | AP36: 6 | AQ36: 8.5 | AR36: 1207 | AS36: 4000 | AT36: 50000 | AU36: 100-240 | AW36: 35 | AX36: LED Flood Light | AY36: LDPFM FL 25W 840 (P-FL-25W-WV-G4-840) | AZ36: LEDVANCE | BA36: Square | BB36: 186x134x42mm | BC36: 25 | BD36: 4000 | BE36: 4000 | BF36: 100000 | BG36: 100-277
A37: 36 | B37: LED Tube | C37: ST8A-0.9M 9W/830 100-240V EM25X1KSAOSRAM | D37: Osram | E37: T8 | F37: 900 mm | G37: 9 | H37: 1458 | I37: 3000 | J37: 50000 | K37: 100-240 | M37: 36 | N37: LED Spot Light | O37: Ult Spot GU10 2.85W 2700K 38D 220-240V GU10 IP20 | P37: Honeywell | Q37: GU10 | R37: - | S37: 2.85 | T37: 450 | U37: 2700 | V37: 25000 | W37: 220-240 | Y37: 36 | Z37: LED Panel | AA37: RC099V G3LED38/840 PSU W60L60 HE | AB37: Philips | AC37: Square | AD37: 600 X 600 mm | AE37: 27 | AF37: 3800 | AG37: 4000 | AH37: 50000 | AI37: 220-240 | AK37: 36 | AL37: LED Down Light | AM37: Ultimate Downlight UE UGR 8.5W 6500K 100-240V ND | AN37: Honeywell | AO37: Round-6" | AP37: 6 | AQ37: 8.5 | AR37: 1207 | AS37: 6500 | AT37: 50000 | AU37: 100-240 | AW37: 36 | AX37: LED Flood Light | AY37: LDPFM FL 25W 865 (P-FL-25W-WV-G4-865) | AZ37: LEDVANCE | BA37: Square | BB37: 186x134x42mm | BC37: 25 | BD37: 4000 | BE37: 6500 | BF37: 100000 | BG37: 100-277
A38: 37 | B38: LED Tube | C38: ST8A-0.9M 9W/840 100-240V EM25X1KSAOSRAM | D38: Osram | E38: T8 | F38: 900 mm | G38: 9 | H38: 1620 | I38: 4000 | J38: 50000 | K38: 100-240 | M38: 37 | N38: LED Spot Light | O38: Ult Spot GU10 2.85W 4000K 38D 220-240V GU10 IP20 | P38: Honeywell | Q38: GU10 | R38: - | S38: 2.85 | T38: 500 | U38: 4000 | V38: 25000 | W38: 220-240 | Y38: 37 | Z38: LED Panel | AA38: RC199VLED40/865 PSU W60L60 UE KSA | AB38: Philips | AC38: Square | AD38: 600 X 600 mm | AE38: 21 | AF38: 4000 | AG38: 6500 | AH38: 50000 | AI38: 220-240 | AK38: 37 | AL38: LED Down Light | AM38: Ultimate Downlight UE UGR 11W 3000K 100-240V ND | AN38: Honeywell | AO38: Round-6" | AP38: 6 | AQ38: 11 | AR38: 1474 | AS38: 3000 | AT38: 50000 | AU38: 100-240 | AW38: 37 | AX38: LED Flood Light | AY38: LDPFM FL 43W 830 (P-FL-43W-WV-G4-830) | AZ38: LEDVANCE | BA38: Square | BB38: 218x155x46mm | BC38: 43 | BD38: 6500 | BE38: 3000 | BF38: 100000 | BG38: 100-277
A39: 38 | B39: LED Tube | C39: ST8A-0.9M 9W/865 100-240V EM25X1KSAOSRAM | D39: Osram | E39: T8 | F39: 900 mm | G39: 9 | H39: 1620 | I39: 6500 | J39: 50000 | K39: 100-240 | M39: 38 | N39: LED Spot Light | O39: Ult Spot GU10 2.85W 6500K 38D 220-240V GU10 IP20 | P39: Honeywell | Q39: GU10 | R39: - | S39: 2.85 | T39: 500 | U39: 6500 | V39: 25000 | W39: 220-240 | Y39: 38 | Z39: LED Panel | AA39: RC199VLED57/865 PSU W60L120 UE KSA | AB39: Philips | AC39: Rectangular | AD39: 600 X 1200 mm | AE39: 33 | AF39: 5700 | AG39: 6500 | AH39: 50000 | AI39: 220-240 | AK39: 38 | AL39: LED Down Light | AM39: Ultimate Downlight UE UGR 11W 4000K 100-240V ND | AN39: Honeywell | AO39: Round-6" | AP39: 6 | AQ39: 11 | AR39: 1562 | AS39: 4000 | AT39: 50000 | AU39: 100-240 | AW39: 38 | AX39: LED Flood Light | AY39: LDPFM FL 43W 840 (P-FL-43W-WV-G4-840) | AZ39: LEDVANCE | BA39: Square | BB39: 218x155x46mm | BC39: 43 | BD39: 7000 | BE39: 4000 | BF39: 100000 | BG39: 100-277
A40: 39 | B40: LED Tube | C40: ST8A-1.2M 8,9W/830100-240VEM25X1KSAOSRAM | D40: Osram | E40: T8 | F40: 1200 mm | G40: 8.9 | H40: 1620 | I40: 3000 | J40: 50000 | K40: 100-240 | M40: 39 | N40: LED Spot Light | O40: Adv Spot GU10 5.5W 2700K 36D 220-240V GU10 IP20 DIM | P40: Honeywell | Q40: GU10 | R40: - | S40: 5.5 | T40: 495 | U40: 2700 | V40: 15000 | W40: 220-240 | Y40: 39 | Z40: LED Panel | AA40: RC099V G3LED38/865 PSU W60L60 HE | AB40: Philips | AC40: Square | AD40: 600 X 600 mm | AE40: 27 | AF40: 3800 | AG40: 6500 | AH40: 50000 | AI40: 220-240 | AK40: 39 | AL40: LED Down Light | AM40: Ultimate Downlight UE UGR 11W 6500K 100-240V ND | AN40: Honeywell | AO40: Round-6" | AP40: 6 | AQ40: 11 | AR40: 1562 | AS40: 6500 | AT40: 50000 | AU40: 100-240 | AW40: 39 | AX40: LED Flood Light | AY40: LDPFM FL 43W 865 (P-FL-43W-WV-G4-865) | AZ40: LEDVANCE | BA40: Square | BB40: 218x155x46mm | BC40: 43 | BD40: 7000 | BE40: 6500 | BF40: 100000 | BG40: 100-277
A41: 40 | B41: LED Tube | C41: ST8A-1.2M 8,9W/840100-240VEM25X1KSAOSRAM | D41: Osram | E41: T8 | F41: 1200 mm | G41: 8.9 | H41: 1800 | I41: 4000 | J41: 50000 | K41: 100-240 | M41: 40 | N41: LED Spot Light | O41: Adv Spot GU10 5.5W 3000K 36D 220-240V GU10 IP20 DIM | P41: Honeywell | Q41: GU10 | R41: - | S41: 5.5 | T41: 495 | U41: 3000 | V41: 15000 | W41: 220-240 | Y41: 40 | AA41: Please add new lights here | AK41: 40 | AL41: LED Down Light | AM41: Ultimate Downlight UE UGR 14W 3000K 100-240V ND | AN41: Honeywell | AO41: Round-8" | AP41: 8 | AQ41: 14 | AR41: 1876 | AS41: 3000 | AT41: 50000 | AU41: 100-240 | AW41: 40 | AX41: LED Flood Light | AY41: LDPFM FL 58W 830 (P-FL-58W-WV-G4-830) | AZ41: LEDVANCE | BA41: Square | BB41: 228x181x52mm | BC41: 58 | BD41: 8700 | BE41: 3000 | BF41: 100000 | BG41: 100-277
A42: 41 | B42: LED Tube | C42: ST8A-1.2M 8,9W/865100-240VEM25X1KSAOSRAM | D42: Osram | E42: T8 | F42: 1200 mm | G42: 8.9 | H42: 1800 | I42: 6500 | J42: 50000 | K42: 100-240 | M42: 41 | N42: LED Spot Light | O42: Adv Spot GU10 5.5W 4000K 36D 220-240V GU10 IP20 DIM | P42: Honeywell | Q42: GU10 | R42: - | S42: 5.5 | T42: 495 | U42: 4000 | V42: 15000 | W42: 220-240 | Y42: 41 | AA42: Please add new lights here | AK42: 41 | AL42: LED Down Light | AM42: Ultimate Downlight UE UGR 14W 4000K 100-240V ND | AN42: Honeywell | AO42: Round-8" | AP42: 8 | AQ42: 14 | AR42: 1988 | AS42: 4000 | AT42: 50000 | AU42: 100-240 | AW42: 41 | AX42: LED Flood Light | AY42: LDPFM FL 58W 840 (P-FL-58W-WV-G4-840) | AZ42: LEDVANCE | BA42: Square | BB42: 228x181x52mm | BC42: 58 | BD42: 9280 | BE42: 4000 | BF42: 100000 | BG42: 100-277
A43: 42 | B43: LED Tube | C43: ST8A-1.5M 20W/830 EMWV 25X1 KSA OSRAM | D43: Osram | E43: T8 | F43: 1500 mm | G43: 20 | H43: 2160 | I43: 3000 | J43: 50000 | K43: 100-240 | M43: 42 | N43: LED Spot Light | O43: Adv Spot GU10 5.5W 6500K 36D 220-240V GU10 IP20 DIM | P43: Honeywell | Q43: GU10 | R43: - | S43: 5.5 | T43: 495 | U43: 6500 | V43: 15000 | W43: 220-240 | Y43: 42 | AA43: Please add new lights here | AK43: 42 | AL43: LED Down Light | AM43: Ultimate Downlight UE UGR 14W 6500K 100-240V ND | AN43: Honeywell | AO43: Round-8" | AP43: 8 | AQ43: 14 | AR43: 1988 | AS43: 6500 | AT43: 50000 | AU43: 100-240 | AW43: 42 | AX43: LED Flood Light | AY43: LDPFM FL 58W 865 (P-FL-58W-WV-G4-865) | AZ43: LEDVANCE | BA43: Square | BB43: 228x181x52mm | BC43: 58 | BD43: 9280 | BE43: 6500 | BF43: 100000 | BG43: 100-277
A44: 43 | B44: LED Tube | C44: ST8A-1.5M 20W/840 EMWV 25X1 KSA OSRAM | D44: Osram | E44: T8 | F44: 1500 mm | G44: 20 | H44: 2400 | I44: 4000 | J44: 50000 | K44: 100-240 | M44: 43 | N44: LED Spot Light | O44: Ess Spot MR16 5W 2700K 36D 220-240V GU5.3 IP20 ND | P44: Honeywell | Q44: MR16 | R44: - | S44: 5 | T44: 400 | U44: 2700 | V44: 30000 | W44: 220-240 | Y44: 43 | Z44: LED Panel | AA44: Ult BL UE 19W 4000K 3800 100-240V 60x60 PANEL IP20 ND UGR<22 | AB44: Honeywell | AC44: Square | AD44: 600 X 600 mm | AE44: 19 | AF44: 3800 | AG44: 4000 | AH44: 50000 | AI44: 100-240 | AK44: 43 | AL44: LED Down Light | AM44: Ultimate Downlight UE UGR 17W 3000K 100-240V ND | AN44: Honeywell | AO44: Round-8" | AP44: 8 | AQ44: 17 | AR44: 2278 | AS44: 3000 | AT44: 50000 | AU44: 100-240 | AW44: 43 | AX44: LED Flood Light | AY44: LDPFM FL 70W 830 (P-FL-70W-WV-G4-830) | AZ44: LEDVANCE | BA44: Square | BB44: 228x181x52mm | BC44: 70 | BD44: 10500 | BE44: 3000 | BF44: 100000 | BG44: 100-277
A45: 44 | B45: LED Tube | C45: ST8A-1.5M 20W/865 EMWV 25X1 KSA OSRAM | D45: Osram | E45: T8 | F45: 1500 mm | G45: 20 | H45: 2400 | I45: 6500 | J45: 50000 | K45: 100-240 | M45: 44 | N45: LED Spot Light | O45: Ess Spot MR16 5W 3000K 36D 220-240V GU5.3 IP20 ND | P45: Honeywell | Q45: MR16 | R45: - | S45: 5 | T45: 400 | U45: 3000 | V45: 30000 | W45: 220-240 | Y45: 44 | Z45: LED Panel | AA45: 84194012246-Ult BL UE 20W 4000K 4000LM 100-277V 60x60 PANEL IP20 ND UGR<22 | AB45: Honeywell | AC45: Square | AD45: 600 X 600 mm | AE45: 20 | AF45: 4000 | AG45: 4000 | AH45: 50000 | AI45: 100-277 | AK45: 44 | AL45: LED Down Light | AM45: Ultimate Downlight UE UGR 17W 4000K 100-240V ND | AN45: Honeywell | AO45: Round-8" | AP45: 8 | AQ45: 17 | AR45: 2414 | AS45: 4000 | AT45: 50000 | AU45: 100-240 | AW45: 44 | AX45: LED Flood Light | AY45: LDPFM FL 70W 840 (P-FL-70W-WV-G4-840) | AZ45: LEDVANCE | BA45: Square | BB45: 228x181x52mm | BC45: 70 | BD45: 11200 | BE45: 4000 | BF45: 100000 | BG45: 100-277
A46: 45 | B46: LED Tube | C46: ST8A-1.2M 13W/840 EMWV 25X1 KSA OSRAM | D46: Osram | E46: T8 | F46: 1200 mm | G46: 13 | H46: 2100 | I46: 4000 | J46: 50000 | K46: 100-240 | M46: 45 | N46: LED Spot Light | O46: Ess Spot MR16 5W 4000K 36D 220-240V GU5.3 IP20 ND | P46: Honeywell | Q46: MR16 | R46: - | S46: 5 | T46: 400 | U46: 4000 | V46: 30000 | W46: 220-240 | Y46: 45 | Z46: LED Surface Light | AA46: LED- Eco Surface Mounted DownLigth 6" - 18w | AB46: LEDVANCE | AC46: Round | AD46: 6" | AE46: 18 | AF46: 1620 | AG46: 4000 | AH46: 25000 | AI46: 220-240 | AK46: 45 | AL46: LED Down Light | AM46: Ultimate Downlight UE UGR 17W 6500K 100-240V ND | AN46: Honeywell | AO46: Round-8" | AP46: 8 | AQ46: 17 | AR46: 2414 | AS46: 6500 | AT46: 50000 | AU46: 100-240 | AW46: 45 | AX46: LED Flood Light | AY46: LDPFM FL 70W 865 (P-FL-70W-WV-G4-865) | AZ46: LEDVANCE | BA46: Square | BB46: 228x181x52mm | BC46: 70 | BD46: 11200 | BE46: 6500 | BF46: 100000 | BG46: 100-277
A47: 46 | B47: LED Tube | C47: ST8A-1.2M 13W/865 EMWV 25X1 KSA OSRAM | D47: Osram | E47: T8 | F47: 1200 mm | G47: 13 | H47: 2100 | I47: 6500 | J47: 50000 | K47: 100-240 | M47: 46 | N47: LED Spot Light | O47: Ess Spot MR16 5W 6500K 36D 220-240V GU5.3 IP20 ND | P47: Honeywell | Q47: MR16 | R47: - | S47: 5 | T47: 400 | U47: 6500 | V47: 30000 | W47: 220-240 | Y47: 46 | Z47: LED Surface Light | AA47: LED- Eco Surface Mounted DownLigth 8" - 24w | AB47: LEDVANCE | AC47: Round | AD47: 8" | AE47: 24 | AF47: 2160 | AG47: 4000 | AH47: 25000 | AI47: 220-240 | AK47: 46 | AL47: LED Down Light | AM47: Ultimate Downlight UE UGR 22W 3000K 100-240V ND | AN47: Honeywell | AO47: Round-8" | AP47: 8 | AQ47: 22 | AR47: 2948 | AS47: 3000 | AT47: 50000 | AU47: 100-240 | AW47: 46 | AX47: LED Flood Light | AY47: LDPFM FL 108W 830 (P-FL-108W-WV-G4-830) | AZ47: LEDVANCE | BA47: Square | BB47: 266x259x49mm | BC47: 108 | BD47: 16200 | BE47: 3000 | BF47: 100000 | BG47: 100-277
A48: 47 | B48: LED Tube | C48: ST5HE14-0.6M7,9W/830100-240ACG5KSA OSRAM | D48: Osram | E48: T5 | F48: 600 mm | G48: 7.9 | H48: 1080 | I48: 3000 | J48: 50000 | K48: 100-240 | M48: 47 | N48: LED Spot Light | O48: Adv Spot G9 3W 3000K 220-240V G9 IP20 ND | P48: Honeywell | Q48: G9 | R48: - | S48: 3 | T48: 300 | U48: 3000 | V48: 30000 | W48: 220-240 | Y48: 47 | AK48: 47 | AL48: LED Down Light | AM48: Ultimate Downlight UE UGR 22W 4000K 100-240V ND | AN48: Honeywell | AO48: Round-8" | AP48: 8 | AQ48: 22 | AR48: 3124 | AS48: 4000 | AT48: 50000 | AU48: 100-240 | AW48: 47 | AX48: LED Flood Light | AY48: LDPFM FL 108W 840 (P-FL-108W-WV-G4-840) | AZ48: LEDVANCE | BA48: Square | BB48: 266x259x49mm | BC48: 108 | BD48: 17280 | BE48: 4000 | BF48: 100000 | BG48: 100-277
A49: 48 | B49: LED Tube | C49: ST5HE14-0.6M7,9W/840100-240ACG5KSA OSRAM | D49: Osram | E49: T5 | F49: 600 mm | G49: 7.9 | H49: 1200 | I49: 4000 | J49: 50000 | K49: 100-240 | M49: 48 | N49: LED Spot Light | O49: Adv Spot G9 3W 6500K 220-240V G9 IP20 ND | P49: Honeywell | Q49: G9 | R49: - | S49: 3 | T49: 300 | U49: 6500 | V49: 30000 | W49: 220-240 | Y49: 48 | AK49: 48 | AL49: LED Down Light | AM49: Ultimate Downlight UE UGR 22W 6500K 100-240V ND | AN49: Honeywell | AO49: Round-8" | AP49: 8 | AQ49: 22 | AR49: 3124 | AS49: 6500 | AT49: 50000 | AU49: 100-240 | AW49: 48 | AX49: LED Flood Light | AY49: LDPFM FL 108W 865 (P-FL-108W-WV-G4-865) | AZ49: LEDVANCE | BA49: Square | BB49: 266x259x49mm | BC49: 108 | BD49: 17280 | BE49: 6500 | BF49: 100000 | BG49: 100-277
A50: 49 | B50: LED Tube | C50: ST5HE14-0.6M7,9W/865100-240ACG5KSA OSRAM | D50: Osram | E50: T5 | F50: 600 mm | G50: 7.9 | H50: 1200 | I50: 6500 | J50: 50000 | K50: 100-240 | M50: 49 | N50: LED High Watt Bulb | O50: Ult HLL 25W 2200K 100-240V E27 IP65 ND | P50: Honeywell | Q50: E27 | R50: - | S50: 25 | T50: 3950 | U50: 2200 | V50: 50000 | W50: 100-240 | Y50: 49 | AK50: 49 | AL50: LED Down Light | AM50: Ultimate Downlight UE UGR 27W 3000K 100-240V ND | AN50: Honeywell | AO50: Round-8" | AP50: 8 | AQ50: 27 | AR50: 3618 | AS50: 3000 | AT50: 50000 | AU50: 100-240 | AW50: 49 | AX50: LED Flood Light | AY50: LDPFM FL 143W 830 (P-FL-143W-WV-G4-830) | AZ50: LEDVANCE | BA50: Square | BB50: 289x282x52mm | BC50: 143 | BD50: 21450 | BE50: 3000 | BF50: 100000 | BG50: 100-277
A51: 50 | B51: LED Tube | C51: ST5HE28-1.2M15,5W/830100-240ACG5KSAOSRAM | D51: Osram | E51: T5 | F51: 1200 mm | G51: 15.5 | H51: 2160 | I51: 3000 | J51: 50000 | K51: 100-240 | M51: 50 | N51: LED High Watt Bulb | O51: Ult HLL 25W 2700K 100-240V E27 IP65 ND | P51: Honeywell | Q51: E27 | R51: - | S51: 25 | T51: 3950 | U51: 2700 | V51: 50000 | W51: 100-240 | Y51: 50 | AK51: 50 | AL51: LED Down Light | AM51: Ultimate Downlight UE UGR 27W 4000K 100-240V ND | AN51: Honeywell | AO51: Round-8" | AP51: 8 | AQ51: 27 | AR51: 3834 | AS51: 4000 | AT51: 50000 | AU51: 100-240 | AW51: 50 | AX51: LED Flood Light | AY51: LDPFM FL 143W 840 (P-FL-143W-WV-G4-840) | AZ51: LEDVANCE | BA51: Square | BB51: 289x282x52mm | BC51: 143 | BD51: 22880 | BE51: 4000 | BF51: 100000 | BG51: 100-277
A52: 51 | B52: LED Tube | C52: ST5HE28-1.2M15,5W/840100-240ACG5KSAOSRAM | D52: Osram | E52: T5 | F52: 1200 mm | G52: 15.5 | H52: 2400 | I52: 4000 | J52: 50000 | K52: 100-240 | M52: 51 | N52: LED High Watt Bulb | O52: Ult HLL 25W 4000K 100-240V E27 IP65 ND | P52: Honeywell | Q52: E27 | R52: - | S52: 25 | T52: 4375 | U52: 4000 | V52: 50000 | W52: 100-240 | Y52: 51 | AK52: 51 | AL52: LED Down Light | AM52: Ultimate Downlight UE UGR 27W 6500K 100-240V ND | AN52: Honeywell | AO52: Round-8" | AP52: 8 | AQ52: 27 | AR52: 3834 | AS52: 6500 | AT52: 50000 | AU52: 100-240 | AW52: 51 | AX52: LED Flood Light | AY52: LDPFM FL 143W 865 (P-FL-143W-WV-G4-865) | AZ52: LEDVANCE | BA52: Square | BB52: 289x282x52mm | BC52: 143 | BD52: 22880 | BE52: 6500 | BF52: 100000 | BG52: 100-277
A53: 52 | B53: LED Tube | C53: ST5HE28-1.2M15,5W/865100-240ACG5KSAOSRAM | D53: Osram | E53: T5 | F53: 1200 mm | G53: 15.5 | H53: 2400 | I53: 6500 | J53: 50000 | K53: 100-240 | M53: 52 | N53: LED High Watt Bulb | O53: Ult HLL 25W 6500K 100-240V E27 IP65 ND | P53: Honeywell | Q53: E27 | R53: - | S53: 25 | T53: 4375 | U53: 6500 | V53: 50000 | W53: 100-240 | Y53: 52 | AK53: 52 | AL53: LED Down Light | AM53: Ess COB DL 7W 4000K 3 Inch 100-240V 7.5cm IP20 ND | AN53: Honeywell | AO53: Round-3" | AP53: 3 | AQ53: 7 | AR53: 630 | AS53: 3000 | AT53: 30000 | AU53: 100-240 | AW53: 52 | AX53: LED Flood Light | AY53: LDPFM FL 172W 830 (P-FL-172W-WV-G4-830) | AZ53: LEDVANCE | BA53: Square | BB53: 324x315x54mm | BC53: 172 | BD53: 25800 | BE53: 3000 | BF53: 100000 | BG53: 100-277
A54: 53 | B54: LED Tube | C54: ST5HE35-1.5M17,5W/830100-240ACG5KSAOSRAM | D54: Osram | E54: T5 | F54: 1500 mm | G54: 17.5 | H54: 2550 | I54: 3000 | J54: 50000 | K54: 100-240 | M54: 53 | N54: LED High Watt Bulb | O54: Ult HLL 35W 2200K 100-240V E27 IP65 ND | P54: Honeywell | Q54: E27 | R54: - | S54: 35 | T54: 5530 | U54: 2200 | V54: 50000 | W54: 100-240 | Y54: 53 | AK54: 53 | AL54: LED Down Light | AM54: Ess COB DL 7W 6500K 3 Inch 100-240V 7.5cm IP20 ND | AN54: Honeywell | AO54: Round-3" | AP54: 3 | AQ54: 7 | AR54: 630 | AS54: 4000 | AT54: 30000 | AU54: 100-240 | AW54: 53 | AX54: LED Flood Light | AY54: LDPFM FL 172W 840 (P-FL-172W-WV-G4-840) | AZ54: LEDVANCE | BA54: Square | BB54: 324x315x54mm | BC54: 172 | BD54: 27520 | BE54: 4000 | BF54: 100000 | BG54: 100-277
A55: 54 | B55: LED Tube | C55: ST5HE35-1.5M17,5W/840100-240ACG5KSAOSRAM | D55: Osram | E55: T5 | F55: 1500 mm | G55: 17.5 | H55: 2800 | I55: 4000 | J55: 50000 | K55: 100-240 | M55: 54 | N55: LED High Watt Bulb | O55: Ult HLL 35W 2700K 100-240V E27 IP65 ND | P55: Honeywell | Q55: E27 | R55: - | S55: 35 | T55: 5530 | U55: 2700 | V55: 50000 | W55: 100-240 | Y55: 54 | AK55: 54 | AL55: LED Down Light | AM55: Ess COB DL 7W 3000K 3 Inch 100-240V 7.5cm IP20 ND | AN55: Honeywell | AO55: Round-3" | AP55: 3 | AQ55: 7 | AR55: 630 | AS55: 6500 | AT55: 30000 | AU55: 100-240 | AW55: 54 | AX55: LED Flood Light | AY55: LDPFM FL 172W 865 (P-FL-172W-WV-G4-865) | AZ55: LEDVANCE | BA55: Square | BB55: 324x315x54mm | BC55: 172 | BD55: 27520 | BE55: 6500 | BF55: 100000 | BG55: 100-277
A56: 55 | B56: LED Tube | C56: ST5HE35-1.5M17,5W/865100-240ACG5KSAOSRAM | D56: Osram | E56: T5 | F56: 1500 mm | G56: 17.5 | H56: 2800 | I56: 6500 | J56: 50000 | K56: 100-240 | M56: 55 | N56: LED High Watt Bulb | O56: Ult HLL 35W 4000K 100-240V E27 IP65 ND | P56: Honeywell | Q56: E27 | R56: - | S56: 35 | T56: 6125 | U56: 4000 | V56: 50000 | W56: 100-240 | Y56: 55 | AK56: 55 | AL56: LED Down Light | AM56: Ess COB DL 10W 4000K 4 Inch 100-240V 10.5cm IP20 ND | AN56: Honeywell | AO56: Round-4" | AP56: 4 | AQ56: 10 | AR56: 900 | AS56: 3000 | AT56: 30000 | AU56: 100-240 | AW56: 55 | AX56: LED High Bay | AY56: Ult HB 75W 4000K 12750 100-240V IP65 ND | AZ56: Honeywell | BA56: - | BB56: - | BC56: 75 | BD56: 12750 | BE56: 4000 | BF56: 100000 | BG56: 100-240
A57: 56 | B57: LED Tube | C57: ST5HO49-1.5M25W/840100-240ACG5 KSA OSRAM | D57: Osram | E57: T5 | F57: 1500 mm | G57: 25 | H57: 4000 | I57: 4000 | J57: 50000 | K57: 100-240 | M57: 56 | N57: LED High Watt Bulb | O57: Ult HLL 35W 6500K 100-240V E27 IP65 ND | P57: Honeywell | Q57: E27 | R57: - | S57: 35 | T57: 6125 | U57: 6500 | V57: 50000 | W57: 100-240 | Y57: 56 | AK57: 56 | AL57: LED Down Light | AM57: Ess COB DL 10W 6500K 4 Inch 100-240V 10.5cm IP20 ND | AN57: Honeywell | AO57: Round-4" | AP57: 4 | AQ57: 10 | AR57: 900 | AS57: 4000 | AT57: 30000 | AU57: 100-240 | AW57: 56 | AX57: LED High Bay | AY57: Ult HB 75W 6500K 12750 100-240V IP65 ND | AZ57: Honeywell | BA57: - | BB57: - | BC57: 75 | BD57: 12750 | BE57: 6500 | BF57: 100000 | BG57: 100-240
A58: 57 | B58: LED Tube | C58: ST5HO49-1.5M25W/865100-240ACG5KSA OSRAM | D58: Osram | E58: T5 | F58: 1500 mm | G58: 25 | H58: 4000 | I58: 6500 | J58: 50000 | K58: 100-240 | M58: 57 | N58: LED High Watt Bulb | O58: Ult HLL 35W 2200K 100-240V E40 IP65 ND | P58: Honeywell | Q58: E40 | R58: - | S58: 35 | T58: 5530 | U58: 2200 | V58: 50000 | W58: 100-240 | Y58: 57 | AK58: 57 | AL58: LED Down Light | AM58: Ess COB DL 10W 3000K 4 Inch 100-240V 10.5cm IP20 ND | AN58: Honeywell | AO58: Round-4" | AP58: 4 | AQ58: 10 | AR58: 900 | AS58: 6500 | AT58: 30000 | AU58: 100-240 | AW58: 57 | AX58: LED High Bay | AY58: Ult HB 100W 4000K 17000 100-240V IP65 ND | AZ58: Honeywell | BA58: - | BB58: - | BC58: 100 | BD58: 17000 | BE58: 4000 | BF58: 100000 | BG58: 100-240
A59: 60 | B59: LED Tube | C59: ST5HO80-1.5M35W/840100-240ACG5KSA OSRAM | D59: Osram | E59: T5 | F59: 1500 mm | G59: 35 | H59: 5600 | I59: 4000 | J59: 50000 | K59: 100-240 | M59: 58 | N59: LED High Watt Bulb | O59: Ult HLL 35W 2700K 100-240V E40 IP65 ND | P59: Honeywell | Q59: E40 | R59: - | S59: 35 | T59: 5530 | U59: 2700 | V59: 50000 | W59: 100-240 | Y59: 58 | AK59: 58 | AL59: LED Down Light | AM59: Ess COB DL 15W 3000K 6 Inch 100-240V 14cm IP20 ND | AN59: Honeywell | AO59: Round-6" | AP59: 6 | AQ59: 15 | AR59: 1350 | AS59: 3000 | AT59: 30000 | AU59: 100-240 | AW59: 58 | AX59: LED High Bay | AY59: Ult HB 100W 6500K 17000 100-240V IP65 ND | AZ59: Honeywell | BA59: - | BB59: - | BC59: 100 | BD59: 17000 | BE59: 6500 | BF59: 100000 | BG59: 100-240
... A71: 72 | B71: LED Dampproof | C71: LDPFM DP 1500 43W 840 WV G4 (P-DP15-43W-WV-G4-840) | D71: LEDVANCE | E71: Rectangle line | F71: 1499X77X68mm | G71: 43 | H71: 6450 | I71: 4000 | J71: 50000 | K71: 100-277V | M71: 70 | N71: LED High Watt Bulb | O71: Ult HLL 88W 2700K 100-240V E40 IP65 ND | P71: Honeywell | Q71: E40 | R71: - | S71: 88 | T71: 13904 | U71: 2700 | V71: 50000 | W71: 100-240 | Y71: 70 | AK71: 73 | AL71: LED Down Light | AM71: Ess R SMD DL 9W 4000K 4 Inch 220-240V 10±5 IP20 ND | AN71: Honeywell | AO71: Round-4" | AP71: 4 | AQ71: 9 | AR71: 810 | AS71: 4000 | AT71: 25000 | AU71: 220-240 | AW71: 70 | AX71: LED Flood Light | AY71: Ultimate Floodlight 75W 6500K 100-240V ND | AZ71: Honeywell | BA71: - | BB71: - | BC71: 75 | BD71: 12000 | BE71: 6500 | BF71: 50000 | BG71: 100-240
A72: 73 | B72: LED Dampproof | C72: LDPFM DP 1500 43W 865 WV G4 (P-DP15-43W-WV-G4-865) | D72: LEDVANCE | E72: Rectangle line | F72: 1499X77X68mm | G72: 43 | H72: 6450 | I72: 6500 | J72: 50000 | K72: 100-277V | M72: 71 | N72: LED High Watt Bulb | O72: Ult HLL 88W 4000K 100-240V E40 IP65 ND | P72: Honeywell | Q72: E40 | R72: - | S72: 88 | T72: 15400 | U72: 4000 | V72: 50000 | W72: 100-240 | Y72: 71 | AK72: 74 | AL72: LED Down Light | AM72: DN390BLED7/840 P6PSU D100 WH GMG2HE | AN72: Philips | AO72: Round-4" | AP72: 4" | AQ72: 5.8 | AR72: 750 | AS72: 4000 | AT72: 50000 | AU72: 220-240 | AW72: 71 | AX72: LED Flood Light | AY72: Ultimate Floodlight 113W 4000K 100-240V ND | AZ72: Honeywell | BA72: - | BB72: - | BC72: 113 | BD72: 18080 | BE72: 4000 | BF72: 50000 | BG72: 100-240
A73: 74 | B73: LED Dampproof | C73: LDPFM DP 1500 57W 840 WV G4 (P-DP15-57W-WV-G4-840) | D73: LEDVANCE | E73: Rectangle line | F73: 1499X77X68mm | G73: 57 | H73: 8550 | I73: 4000 | J73: 50000 | K73: 100-277V | M73: 72 | N73: LED High Watt Bulb | O73: Ult HLL 88W 6500K 100-240V E40 IP65 ND | P73: Honeywell | Q73: E40 | R73: - | S73: 88 | T73: 15400 | U73: 6500 | V73: 50000 | W73: 100-240 | Y73: 72 | AK73: 75 | AL73: LED Down Light | AM73: DN391BLED15/840 P11PSU D100 WH GMG2HE | AN73: Philips | AO73: Round-4" | AP73: 4" | AQ73: 11.4 | AR73: 1500 | AS73: 4000 | AT73: 50000 | AU73: 220-240 | AW73: 72 | AX73: LED Flood Light | AY73: Ultimate Floodlight 113W 6500K 100-240V ND | AZ73: Honeywell | BA73: - | BB73: - | BC73: 113 | BD73: 18080 | BE73: 6500 | BF73: 50000 | BG73: 100-240
A74: 75 | B74: LED Dampproof | C74: LDPFM DP 1500 57W 865 WV G4 (P-DP15-57W-WV-G4-865) | D74: LEDVANCE | E74: Rectangle line | F74: 1499X77X68mm | G74: 57 | H74: 8550 | I74: 6500 | J74: 50000 | K74: 100-277V | M74: 73 | N74: LED High Watt Bulb | O74: Ult HLL 100W 2200K 100-240V E40 IP65 ND | P74: Honeywell | Q74: E40 | R74: - | S74: 100 | T74: 15800 | U74: 2200 | V74: 50000 | W74: 100-240 | Y74: 73 | AK74: 76 | AL74: LED Down Light | AM74: DN392BLED20/840 P14PSU D150 WH GMG2HE | AN74: Philips | AO74: Round-6" | AP74: 6" | AQ74: 14.4 | AR74: 2000 | AS74: 4000 | AT74: 50000 | AU74: 220-240 | AW74: 73 | AX74: LED Flood Light | AY74: Ultimate Floodlight 150W 4000K 100-240V ND | AZ74: Honeywell | BA74: - | BB74: - | BC74: 150 | BD74: 24000 | BE74: 4000 | BF74: 50000 | BG74: 100-240
A75: 76 | B75: LED Tube | C75: MASLEDtube 1200mm HO 13.5W840 T8 | D75: Philips | E75: T8 | F75: 1200mm | G75: 13.5 | H75: 2100 | I75: 4000 | J75: 50000 | K75: 220-240 | M75: 74 | N75: LED High Watt Bulb | O75: Ult HLL 100W 2700K 100-240V E40 IP65 ND | P75: Honeywell | Q75: E40 | R75: - | S75: 100 | T75: 15800 | U75: 2700 | V75: 50000 | W75: 100-240 | Y75: 74 | AK75: 77 | AL75: LED Down Light | AM75: DN392BLED20/840 P14PSU D200 WH GMG2HE | AN75: Philips | AO75: Round-8" | AP75: 8" | AQ75: 14.4 | AR75: 2000 | AS75: 4000 | AT75: 50000 | AU75: 220-240 | AW75: 74 | AX75: LED Flood Light | AY75: Ultimate Floodlight 150W 6500K 100-240V ND | AZ75: Honeywell | BA75: - | BB75: - | BC75: 150 | BD75: 24000 | BE75: 6500 | BF75: 50000 | BG75: 100-240
A76: 77 | B76: LED Tube | C76: MASLEDtube 1200mm HO 13.5W865 T8 | D76: Philips | E76: T8 | F76: 1200mm | G76: 13.5 | H76: 2100 | I76: 6500 | J76: 50000 | K76: 220-240 | M76: 75 | N76: LED High Watt Bulb | O76: Ult HLL 100W 4000K 100-240V E40 IP65 ND | P76: Honeywell | Q76: E40 | R76: - | S76: 100 | T76: 17500 | U76: 4000 | V76: 50000 | W76: 100-240 | Y76: 75 | AK76: 78 | AL76: LED Down Light | AM76: DN393BLED26/840 P19PSU D200 WH GMG2HE | AN76: Philips | AO76: Round-8" | AP76: 8" | AQ76: 19.2 | AR76: 2600 | AS76: 4000 | AT76: 50000 | AU76: 220-240 | AW76: 75 | AX76: LED Flood Light | AY76: Ultimate Floodlight 190W 4000K 100-240V ND | AZ76: Honeywell | BA76: - | BB76: - | BC76: 190 | BD76: 30400 | BE76: 4000 | BF76: 50000 | BG76: 100-240
A77: 78 | B77: LED Tube | C77: MASLEDtube VLE 600mm HO 5.3W 840 T8 | D77: Philips | E77: T8 | F77: 600mm | G77: 5.3 | H77: 1000 | I77: 4000 | J77: 50000 | K77: 100-240 | M77: 76 | N77: LED High Watt Bulb | O77: Ult HLL 100W 6500K 100-240V E40 IP65 ND | P77: Honeywell | Q77: E40 | R77: - | S77: 100 | T77: 17500 | U77: 6500 | V77: 50000 | W77: 100-240 | Y77: 76 | AK77: 79 | AL77: LED Down Light | AM77: DN394BLED40/840 P29PSU D200 WH GMG2HE | AN77: Philips | AO77: Round-8" | AP77: 8" | AQ77: 29.3 | AR77: 4000 | AS77: 4000 | AT77: 50000 | AU77: 220-240 | AW77: 76 | AX77: LED Flood Light | AY77: Ultimate Floodlight 190W 6500K 100-240V ND | AZ77: Honeywell | BA77: - | BB77: - | BC77: 190 | BD77: 30400 | BE77: 6500 | BF77: 50000 | BG77: 100-240
A78: 79 | B78: LED Tube | C78: MASLEDtube VLE 600mm HO 5.3W 865 T8 | D78: Philips | E78: T8 | F78: 600mm | G78: 5.3 | H78: 1000 | I78: 6500 | J78: 50000 | K78: 100-240 | M78: 77 | N78: LED High Watt Bulb | O78: Ess HLL 25W 3000K 2500 220-240V E27 IP20 ND | P78: Honeywell | Q78: E27 | R78: - | S78: 25 | T78: 2500 | U78: 3000 | V78: 30000 | W78: 220-240 | Y78: 77 | AK78: 80 | AL78: LED Down Light | AM78: DN590BLED17/840 P10PSU D150 WB UE G2 | AN78: Philips | AO78: Round-6" | AP78: 6" | AQ78: 10 | AR78: 1700 | AS78: 4000 | AT78: 75000 | AU78: 220-240 | AW78: 77 | AX78: LED Flood Light | AY78: Ultimate High Power Floodlight 400W 840 110D 100-240V IP66 ND | AZ78: Honeywell | BA78: - | BB78: - | BC78: 400 | BD78: 64000 | BE78: 4000 | BF78: 50000 | BG78: 100-240
A79: 80 | B79: LED Tube | C79: MASLEDtube VLE 1200mm HO 8.7W 840 T8 | D79: Philips | E79: T8 | F79: 1200mm | G79: 8.7 | H79: 1800 | I79: 4000 | J79: 50000 | K79: 100-240 | M79: 78 | N79: LED High Watt Bulb | O79: Ess HLL 25W 4000K 2500 220-240V E27 IP20 ND | P79: Honeywell | Q79: E27 | R79: - | S79: 25 | T79: 2500 | U79: 4000 | V79: 30000 | W79: 220-240 | Y79: 78 | AK79: 81 | AL79: LED Down Light | AM79: DN591BLED23/840 P13PSU D200 WB UE G2 | AN79: Philips | AO79: Round-8" | AP79: 8" | AQ79: 13.2 | AR79: 2279 | AS79: 4000 | AT79: 75000 | AU79: 220-240 | AW79: 78 | AX79: LED Flood Light | AY79: Ultimate High Power Floodlight 400W 865 110D 100-240V IP66 ND | AZ79: Honeywell | BA79: - | BB79: - | BC79: 400 | BD79: 64000 | BE79: 6500 | BF79: 50000 | BG79: 100-240
A80: 81 | B80: LED Tube | C80: MASLEDtube VLE 1200mm HO 8.7W 865 T8 | D80: Philips | E80: T8 | F80: 1200mm | G80: 8.7 | H80: 1800 | I80: 6500 | J80: 50000 | K80: 100-240 | M80: 79 | N80: LED High Watt Bulb | O80: Ess HLL 25W 6500K 2500 220-240V E27 IP20 ND | P80: Honeywell | Q80: E27 | R80: - | S80: 25 | T80: 2500 | U80: 6500 | V80: 30000 | W80: 220-240 | Y80: 79 | AK80: 82 | AL80: LED Down Light | AM80: DN589BLED12/840 P7PSU D125 WB UE G2 | AN80: Philips | AO80: Round-5" | AP80: 5" | AQ80: 7.5 | AR80: 1185 | AS80: 4000 | AT80: 75000 | AU80: 220-240 | AW80: 79 | AX80: LED Flood Light | AY80: Ultimate High Power Floodlight 600W 840 90D 100-240V IP66 ND | AZ80: Honeywell | BA80: - | BB80: - | BC80: 600 | BD80: 96000 | BE80: 4000 | BF80: 50000 | BG80: 100-240
A81: 82 | B81: LED Tube | C81: MASLEDtube VLE 1500mm HO 18.2W 840 T8 | D81: Philips | E81: T8 | F81: 1500mm | G81: 18.2 | H81: 3100 | I81: 4000 | J81: 50000 | K81: 220-240 | M81: 80 | N81: LED High Watt Bulb | O81: Ess HLL 35W 3000K 3500 220-240V E27 IP20 ND | P81: Honeywell | Q81: E27 | R81: - | S81: 35 | T81: 3500 | U81: 3000 | V81: 30000 | W81: 220-240 | Y81: 80 | AK81: 83 | AL81: LED Down Light | AM81: DN594BLED42/840 P30PSU D200 VWB-M G2 | AN81: Philips | AO81: Round-8" | AP81: 8" | AQ81: 29.7 | AR81: 4324 | AS81: 4000 | AT81: 75000 | AU81: 220-240 | AW81: 80 | AX81: LED Flood Light | AY81: Ultimate High Power Floodlight 600W 865 90D 100-240V IP66 ND | AZ81: Honeywell | BA81: - | BB81: - | BC81: 600 | BD81: 96000 | BE81: 6500 | BF81: 50000 | BG81: 100-240
A82: 83 | B82: LED Tube | C82: MASLEDtube VLE 1500mm HO 18.2W 865 T8 | D82: Philips | E82: T8 | F82: 1500mm | G82: 18.2 | H82: 3100 | I82: 6500 | J82: 50000 | K82: 220-240 | M82: 81 | N82: LED High Watt Bulb | O82: Ess HLL 35W 4000K 3500 220-240V E27 IP20 ND | P82: Honeywell | Q82: E27 | R82: - | S82: 35 | T82: 3500 | U82: 4000 | V82: 30000 | W82: 220-240 | Y82: 81 | AK82: 84 | AL82: LED Down Light | AM82: DN390BLED7/865 P6PSU D100 WH GMG2HE | AN82: Philips | AO82: Round-4" | AP82: 4" | AQ82: 5.8 | AR82: 750 | AS82: 6500 | AT82: 50000 | AU82: 220-240 | AW82: 81 | AX82: LED Flood Light | AY82: Ultimate High Power Floodlight 800W 840 90D 100-240V IP66 ND | AZ82: Honeywell | BA82: - | BB82: - | BC82: 800 | BD82: 128000 | BE82: 4000 | BF82: 50000 | BG82: 100-240
A83: 84 | B83: LED Tube | C83: CoreProLEDtube 1200mm 16W840 G5 I APR | D83: Philips | E83: T5 | F83: 1200mm | G83: 16 | H83: 2100 | I83: 4000 | J83: 50000 | K83: 220-240 | M83: 82 | N83: LED High Watt Bulb | O83: Ess HLL 35W 6500K 3500 220-240V E27 IP20 ND | P83: Honeywell | Q83: E27 | R83: - | S83: 35 | T83: 3500 | U83: 6500 | V83: 30000 | W83: 220-240 | Y83: 82 | AK83: 85 | AL83: LED Down Light | AM83: DN391BLED15/865 P11PSU D100 WH GMG2HE | AN83: Philips | AO83: Round-4" | AP83: 4" | AQ83: 11.4 | AR83: 1500 | AS83: 6500 | AT83: 50000 | AU83: 220-240 | AW83: 82 | AX83: LED Flood Light | AY83: Ultimate High Power Floodlight 800W 865 90D 100-240V IP66 ND | AZ83: Honeywell | BA83: - | BB83: - | BC83: 800 | BD83: 128000 | BE83: 6500 | BF83: 50000 | BG83: 100-240
... A90: 93 | B90: LED Batten Light | C90: BN398CLED40/NW L1200 PSU OP HE | D90: Philips | E90: Fixtures | F90: 1200mm | G90: 25 | H90: 4000 | I90: 4000 | J90: 50000 | K90: 220-240 | M90: 89 | N90: LED Stick | O90: LVSTICK 7W/827 100-240V E27 10X1KSAOSRAM | P90: Osram | Q90: E27 | R90: 117/40 | S90: 7 | T90: 600 | U90: 2700 | V90: 15000 | W90: 100-240 | Y90: 89 | AK90: 92 | AL90: LED Down Light | AM90: DN589BLED12/865 P7PSU D125 WB UE G2 | AN90: Philips | AO90: Round-5" | AP90: 5" | AQ90: 7.5 | AR90: 1185 | AS90: 6500 | AT90: 75000 | AU90: 220-240 | AW90: 89 | AX90: LED Street Light | AY90: RND-ST660 56W 840 | AZ90: Rand Tech | BA90: - | BB90: - | BC90: 56 | BD90: 7840 | BE90: 4000 | BF90: 100000 | BG90: 100-277
A91: 94 | B91: LED Batten Light | C91: BN398CLED69/NW L1200 PSU OP HE | D91: Philips | E91: Fixtures | F91: 1200mm | G91: 43 | H91: 6900 | I91: 4000/6500 | J91: 50000 | K91: 220-240 | M91: 90 | N91: LED Stick | O91: LVSTICK 7W/840 100-240V E27 10X1KSAOSRAM | P91: Osram | Q91: E27 | R91: 117/40 | S91: 7 | T91: 650 | U91: 4000 | V91: 15000 | W91: 100-240 | Y91: 90 | AK91: 93 | AL91: LED Down Light | AM91: DN594BLED42/865 P30PSU D200 VWB-M G2 | AN91: Philips | AO91: Round-8" | AP91: 8" | AQ91: 29.7 | AR91: 4324 | AS91: 6500 | AT91: 75000 | AU91: 220-240 | AW91: 90 | AX91: LED Street Light | AY91: RND-ST660 70W 840 | AZ91: Rand Tech | BA91: - | BB91: - | BC91: 70 | BD91: 9800 | BE91: 4000 | BF91: 100000 | BG91: 100-277
A92: 95 | B92: LED Batten Light | C92: BN398CLED20/NW L600 PSU OP | D92: Philips | E92: Fixtures | F92: 600mm | G92: 14.5 | H92: 2000 | I92: 4000/6500 | J92: 50000 | K92: 220-240 | M92: 91 | N92: LED Stick | O92: LVSTICK 7W/865 100-240V E27 10X1KSAOSRAM | P92: Osram | Q92: E27 | R92: 117/40 | S92: 7 | T92: 650 | U92: 6500 | V92: 15000 | W92: 100-240 | Y92: 91 | AK92: 94 | AM92: Please add new lights here | AW92: 91 | AX92: LED Street Light | AY92: RND-ST660 100W 840 | AZ92: Rand Tech | BA92: - | BB92: - | BC92: 100 | BD92: 14000 | BE92: 4000 | BF92: 100000 | BG92: 100-277
A93: 96 | B93: LED Batten Light | C93: WT198CLED19S/840 PSU L600 | D93: Philips | E93: Fixtures | F93: 600mm | G93: 15 | H93: 1900 | I93: 4000/6500 | J93: 75000 | K93: 220-240 | M93: 92 | N93: LED Stick | O93: LVSTICK 10W/827 100-240V E2710X1KSAOSRAM | P93: Osram | Q93: E27 | R93: 117/40 | S93: 10 | T93: 1050 | U93: 2700 | V93: 15000 | W93: 100-240 | Y93: 92 | AK93: 95 | AM93: Please add new lights here | AW93: 92 | AX93: LED Street Light | AY93: RND-ST660 130W 840 | AZ93: Rand Tech | BA93: - | BB93: - | BC93: 130 | BD93: 18200 | BE93: 4000 | BF93: 100000 | BG93: 100-277
A94: 97 | B94: LED Batten Light | C94: WT198CLED40S/840 PSU L1200 | D94: Philips | E94: Fixtures | F94: 1200mm | G94: 28.6 | H94: 4000 | I94: 4000/6500 | J94: 75000 | K94: 220-240 | M94: 93 | N94: LED Stick | O94: LVSTICK 10W/840 100-240V E2710X1KSAOSRAM | P94: Osram | Q94: E27 | R94: 117/40 | S94: 10 | T94: 1100 | U94: 4000 | V94: 15000 | W94: 100-240 | Y94: 93 | AK94: 96 | AW94: 93 | AX94: LED Street Light | AY94: Xceed BRP381 4000K 73W 100-277V | AZ94: Philips | BA94: - | BB94: - | BC94: 73 | BD94: 11400 | BE94: 4000 | BF94: 100000 | BG94: 120-277
A95: 98 | B95: LED Batten Light | C95: WT198CLED80S/840 PSU L1500 | D95: Philips | E95: Fixtures | F95: 1500mm | G95: 57 | H95: 8000 | I95: 4000/6500 | J95: 75000 | K95: 220-240 | M95: 94 | N95: LED Stick | O95: LVSTICK 10W/865 100-240V E2710X1KSAOSRAM | P95: Osram | Q95: E27 | R95: 117/40 | S95: 10 | T95: 1100 | U95: 6500 | V95: 15000 | W95: 100-240 | Y95: 94 | AK95: 97 | AW95: 94 | AX95: LED Street Light | AY95: Xceed BRP382 4000K 150W 100-277V | AZ95: Philips | BA95: - | BB95: - | BC95: 150 | BD95: 21900 | BE95: 4000 | BF95: 100000 | BG95: 100-277
A96: 99 | C96: No-Retrofit | K96: 2 | M96: 95 | N96: LED Stick | O96: LVSTICK 12W/827 100-240V E2710X1KSAOSRAM | P96: Osram | Q96: E27 | R96: 125/40 | S96: 12 | T96: 1250 | U96: 2700 | V96: 15000 | W96: 100-240 | Y96: 95 | AK96: 98 | AW96: 96 | AX96: LED Street Light | AY96: Xceed BRP381 4000K 110W 100-277V | AZ96: Philips | BA96: - | BB96: - | BC96: 110 | BD96: 16000 | BE96: 4000 | BF96: 100000 | BG96: 100-277
A97: 100 | C97: Please add new lights here | M97: 96 | N97: LED Stick | O97: LVSTICK 12W/840 100-240V E2710X1KSAOSRAM | P97: Osram | Q97: E27 | R97: 125/40 | S97: 12 | T97: 1300 | U97: 4000 | V97: 15000 | W97: 100-240 | Y97: 96 | AK97: 99 | AW97: 97 | AX97: LED Street Light | AY97: Xceed BRP382L 4000K 167W 120-277V | AZ97: Philips | BA97: - | BB97: - | BC97: 167 | BD97: 24883 | BE97: 4000 | BF97: 100000 | BG97: 120-277
A98: 101 | M98: 97 | N98: LED Stick | O98: LVSTICK 12W/865 100-240V E2710X1KSAOSRAM | P98: Osram | Q98: E27 | R98: 125/40 | S98: 12 | T98: 1300 | U98: 6500 | V98: 15000 | W98: 100-240 | Y98: 97 | AK98: 100 | AW98: 98 | AX98: LED Street Light | AY98: Xceed BRP 381 56W 4000K 100-277V | AZ98: Philips | BA98: - | BB98: - | BC98: 56 | BD98: 8500 | BE98: 4000 | BF98: 100000 | BG98: 100-277
A99: 102 | M99: 98 | N99: LED Bulb | O99: LECO CLA 5W/830 230VE2710X10X1G9KSAOSRAM | P99: Osram | Q99: E27 | R99: 95/55 | S99: 5 | T99: 360 | U99: 3000 | V99: 12000 | W99: 220-240 | Y99: 98 | AK99: 101 | AW99: 99 | AX99: LED Street Light | AY99: Xceed BRP 381 78W 4000K 100-277V | AZ99: Philips | BA99: - | BB99: - | BC99: 78 | BD99: 12000 | BE99: 4000 | BF99: 100000 | BG99: 100-277
A100: 103 | M100: 99 | N100: LED Bulb | O100: LECO CLA 5W/865 230VE2710X10X1G9KSAOSRAM | P100: Osram | Q100: E27 | R100: 95/55 | S100: 5 | T100: 400 | U100: 6500 | V100: 12000 | W100: 220-240 | Y100: 99 | AK100: 102 | AW100: 100 | AX100: LED Street Light | AY100: Xceed BRP 381 86W 4000K 100-277V | AZ100: Philips | BA100: - | BB100: - | BC100: 86 | BD100: 13100 | BE100: 4000 | BF100: 100000 | BG100: 100-277
A101: 104 | M101: 100 | N101: LED Bulb | O101: LECO CLA 7W/830 230VE2710X10X1G9KSAOSRAM | P101: Osram | Q101: E27 | R101: 95/55 | S101: 7 | T101: 500 | U101: 3000 | V101: 12000 | W101: 220-240 | Y101: 100 | AK101: 103 | AW101: 101 | AX101: LED Street Light | AY101: Xceed BRP384 316W 6500K 100‐277V | AZ101: Philips | BA101: - | BB101: - | BC101: 316 | BD101: 47000 | BE101: 4000 | BF101: 100000 | BG101: 100-277
A102: 105 | M102: 101 | N102: LED Bulb | O102: LECO CLA 7W/865 230VE2710X10X1G9KSAOSRAM | P102: Osram | Q102: E27 | R102: 95/55 | S102: 7 | T102: 560 | U102: 6500 | V102: 12000 | W102: 220-240 | Y102: 101 | AK102: 104 | AW102: 102 | AX102: LED Street Light | AY102: Xceed BRP382L 172W 4000K 120-277V | AZ102: Philips | BA102: - | BB102: - | BC102: 172 | BD102: 26200 | BE102: 4000 | BF102: 100000 | BG102: 100-277
A103: 106 | M103: 102 | N103: LED Bulb | O103: LECO CLA 9W/830 230VE2710X10X1G9KSAOSRAM | P103: Osram | Q103: E27 | R103: 106/60 | S103: 9 | T103: 650 | U103: 3000 | V103: 12000 | W103: 220-240 | Y103: 102 | AK103: 105 | AW103: 103 | AX103: LED Street Light | AY103: VEGA0 4.525 27W | AZ103: VEGA | BA103: - | BB103: - | BC103: 27 | BD103: 4604 | BE103: 4000 | BF103: 100000 | BG103: 100-277
A104: 107 | M104: 103 | N104: LED Bulb | O104: LECO CLA 9W/865 230VE2710X10X1G9KSAOSRAM | P104: Osram | Q104: E27 | R104: 106/60 | S104: 9 | T104: 720 | U104: 6500 | V104: 12000 | W104: 220-240 | Y104: 103 | AK104: 106 | AW104: 104 | AX104: LED Street Light | AY104: VEGA 2M 4.525 52W | AZ104: VEGA | BA104: - | BB104: - | BC104: 52 | BD104: 8866 | BE104: 4000 | BF104: 100000 | BG104: 100-277
A105: 108 | M105: 104 | N105: LED Bulb | O105: LECO CLA 12W/830230VE2710X10X1G9KSAOSRAM | P105: Osram | Q105: E27 | R105: 118/60 | S105: 12 | T105: 860 | U105: 3000 | V105: 12000 | W105: 220-240 | Y105: 104 | AK105: 107 | AW105: 105 | AX105: LED Street Light | AY105: VEGA 3M 4.525 78W | AZ105: VEGA | BA105: - | BB105: - | BC105: 78 | BD105: 13299 | BE105: 4000 | BF105: 100000 | BG105: 100-277
A106: 109 | M106: 105 | N106: LED Bulb | O106: LECO CLA 12W/865230VE2710X10X1G9KSAOSRAM | P106: Osram | Q106: E27 | R106: 118/60 | S106: 12 | T106: 960 | U106: 6500 | V106: 12000 | W106: 220-240 | Y106: 105 | AK106: 108 | AW106: 106 | AX106: LED Street Light | AY106: VEGA 3M 4.7 102W | AZ106: VEGA | BA106: - | BB106: - | BC106: 102 | BD106: 17391 | BE106: 4000 | BF106: 100000 | BG106: 100-277
A107: 110 | M107: 106 | N107: LED Bulb | O107: LECO CLA 14W/830230VE2710X10X1G9KSAOSRAM | P107: Osram | Q107: E27 | R107: 123/60 | S107: 14 | T107: 1080 | U107: 3000 | V107: 12000 | W107: 220-240 | Y107: 106 | AK107: 109 | AW107: 107 | AX107: LED Street Light | AY107: VEGA 5M 4.525 127W | AZ107: VEGA | BA107: - | BB107: - | BC107: 127 | BD107: 21654 | BE107: 4000 | BF107: 100000 | BG107: 100-277
A108: 111 | M108: 107 | N108: LED Bulb | O108: LECO CLA 14W/865230VE2710X10X1G9KSAOSRAM | P108: Osram | Q108: E27 | R108: 123/60 | S108: 14 | T108: 1200 | U108: 6500 | V108: 12000 | W108: 220-240 | Y108: 107 | AK108: 110 | AW108: 108 | AX108: LED Street Light | AY108: VEGA 4M 4.7 136W | AZ108: VEGA | BA108: - | BB108: - | BC108: 136 | BD108: 22168 | BE108: 4000 | BF108: 100000 | BG108: 100-277
M109: 108 | N109: LED Bulb | O109: LV CLA 7W/830100-240VFRE2710X1G2KSAOSRAM | P109: Osram | Q109: E27 | R109: 100/55 | S109: 7 | T109: 600 | U109: 3000 | V109: 15000 | W109: 100-240 | Y109: 108 | AK109: 111 | AW109: 109 | AX109: LED Street Light | AY109: VEGA 5M 4.7 171W | AZ109: VEGA | BA109: - | BB109: - | BC109: 171 | BD109: 27873 | BE109: 4000 | BF109: 100000 | BG109: 100-277
M110: 109 | N110: LED Bulb | O110: LV CLA 7W/840100-240VFRE2710X1G2KSAOSRAM | P110: Osram | Q110: E27 | R110: 100/55 | S110: 7 | T110: 600 | U110: 4000 | V110: 15000 | W110: 100-240 | Y110: 109 | AK110: 112 | AW110: 110 | AX110: LED Street Light | AY110: VEGA 6M 4.7 208W | AZ110: VEGA | BA110: - | BB110: - | BC110: 208 | BD110: 33904 | BE110: 4000 | BF110: 100000 | BG110: 100-277
M111: 110 | N111: LED Bulb | O111: LV CLA 7W/865100-240VFRE2710X1G2KSAOSRAM | P111: Osram | Q111: E27 | R111: 100/55 | S111: 7 | T111: 600 | U111: 6500 | V111: 15000 | W111: 100-240 | Y111: 110 | AK111: 113 | AW111: 111 | AX111: LED Street Light | AY111: VEGA 7M 4.7 240W | AZ111: VEGA | BA111: - | BB111: - | BC111: 240 | BD111: 39120 | BE111: 4000 | BF111: 100000 | BG111: 100-277
M112: 111 | N112: LED Bulb | O112: LV CLA 9W/830100-240VFRE2710X1G2KSAOSRAM | P112: Osram | Q112: E27 | R112: 108/60 | S112: 9 | T112: 806 | U112: 3000 | V112: 15000 | W112: 100-240 | Y112: 111 | AK112: 114 | AW112: 112 | AX112: LED Street Light | AY112: VEGA 8M 4.7 273W | AZ112: VEGA | BA112: - | BB112: - | BC112: 273 | BD112: 44499 | BE112: 4000 | BF112: 100000 | BG112: 100-277
M113: 112 | N113: LED Bulb | O113: LV CLA 9W/840100-240VFRE2710X1G2KSAOSRAM | P113: Osram | Q113: E27 | R113: 108/60 | S113: 9 | T113: 806 | U113: 4000 | V113: 15000 | W113: 100-240 | Y113: 112 | AK113: 115 | AW113: 113 | AX113: LED Street Light | AY113: VEGA 9M 4.7 307W | AZ113: VEGA | BA113: - | BB113: - | BC113: 307 | BD113: 50041 | BE113: 4000 | BF113: 100000 | BG113: 100-277
M114: 113 | N114: LED Bulb | O114: LV CLA 9W/865100-240VFRE2710X1G2KSAOSRAM | P114: Osram | Q114: E27 | R114: 108/60 | S114: 9 | T114: 806 | U114: 6500 | V114: 15000 | W114: 100-240 | Y114: 113 | AK114: 116 | AW114: 114 | AX114: LED Street Light | AY114: VEGA 1M 4.35 18W | AZ114: VEGA | BA114: - | BB114: - | BC114: 18 | BD114: 3251 | BE114: 4000 | BF114: 100000 | BG114: 100-277
M115: 114 | N115: LED Bulb | O115: LV CLA12W/830100-240VFRE2710X1G2KSAOSRAM | P115: Osram | Q115: E27 | R115: 110/60 | S115: 12 | T115: 1055 | U115: 3000 | V115: 15000 | W115: 100-240 | Y115: 114 | AK115: 117 | AW115: 115 | AX115: LED Street Light | AY115: Xceed BRP382L 4000K 138W 120-277V | AZ115: Philips | BA115: - | BB115: - | BC115: 138 | BD115: 20680 | BE115: 4000 | BF115: 100000 | BG115: 120-277
M116: 115 | N116: LED Bulb | O116: LV CLA12W/840100-240VFRE2710X1G2KSAOSRAM | P116: Osram | Q116: E27 | R116: 110/60 | S116: 12 | T116: 1055 | U116: 4000 | V116: 15000 | W116: 100-240 | Y116: 115 | AK116: 118 | AW116: 116 | AX116: LED Street Light | AY116: Xceed BRP381 4000K 103W 100-277V | AZ116: Philips | BA116: - | BB116: - | BC116: 103 | BD116: 16000 | BE116: 4000 | BF116: 100000 | BG116: 120-277
M117: 116 | N117: LED Bulb | O117: LV CLA12W/865100-240VFRE2710X1G2KSAOSRAM | P117: Osram | Q117: E27 | R117: 110/60 | S117: 12 | T117: 1055 | U117: 6500 | V117: 15000 | W117: 100-240 | Y117: 116 | AK117: 119 | AW117: 117 | AX117: LED Street Light | AY117: RNDST660NW080 | AZ117: Rand Tech | BA117: - | BB117: - | BC117: 80 | BD117: 11200 | BE117: 4000 | BF117: 100000 | BG117: 100-277
M118: 117 | N118: LED Bulb | O118: LV CLA15W/830100-240VFRE2710X1G2KSAOSRAM | P118: Osram | Q118: E27 | R118: 125/60 | S118: 15 | T118: 1521 | U118: 3000 | V118: 15000 | W118: 100-240 | Y118: 117 | AK118: 120 | AW118: 118 | AX118: LED Street Light | AY118: RNDST660NW090 | AZ118: Rand Tech | BA118: - | BB118: - | BC118: 90 | BD118: 12600 | BE118: 4000 | BF118: 100000 | BG118: 100-277
M119: 118 | N119: LED Bulb | O119: LV CLA15W/840100-240VFRE2710X1G2KSAOSRAM | P119: Osram | Q119: E27 | R119: 125/60 | S119: 15 | T119: 1521 | U119: 4000 | V119: 15000 | W119: 100-240 | Y119: 118 | AK119: 121 | AW119: 120 | AX119: LED Street Light | AY119: RNDST660NW105 | AZ119: Rand Tech | BA119: - | BB119: - | BC119: 105 | BD119: 14700 | BE119: 4000 | BF119: 100000 | BG119: 100-277
M120: 119 | N120: LED Bulb | O120: LV CLA15W/865100-240VFRE2710X1G2KSAOSRAM | P120: Osram | Q120: E27 | R120: 125/60 | S120: 15 | T120: 1521 | U120: 6500 | V120: 15000 | W120: 100-240 | Y120: 119 | AK120: 122 | AW120: 121 | AX120: LED Street Light | AY120: RNDST660NW110 | AZ120: Rand Tech | BA120: - | BB120: - | BC120: 110 | BD120: 15400 | BE120: 4000 | BF120: 100000 | BG120: 100-277
... M129: 130 | N129: LED Spot Light | O129: LPAR1650 5W/830 230V GU10 10X1G5KSAOSRAM | P129: Osram | Q129: GU10 | R129: 54/50 | S129: 5 | T129: 400 | U129: 3000 | V129: 15000 | W129: 220-240 | Y129: 128 | AK129: 131 | AW129: 131 | AX129: LED Street Light | AY129: VEGA 3M .630 92W | AZ129: VEGA | BA129: - | BB129: - | BC129: 92 | BD129: 12169 | BE129: 2700 | BF129: 100000 | BG129: 100-277
M130: 131 | N130: LED Spot Light | O130: LPAR1650 5W/840 230V GU10 10X1G5KSAOSRAM | P130: Osram | Q130: GU10 | R130: 54/50 | S130: 5 | T130: 400 | U130: 4000 | V130: 15000 | W130: 220-240 | Y130: 129 | AK130: 132 | AW130: 132 | AX130: LED High Bay | AY130: BY698P G5LED105/NW PSU WB GM | AZ130: Philips | BA130: Round | BB130: 290 | BC130: 63 | BD130: 10500 | BE130: 4000 | BF130: 75000 | BG130: 220-240
M131: 132 | N131: LED Spot Light | O131: LPAR1650 5W/865 230V GU10 10X1G5KSAOSRAM | P131: Osram | Q131: GU10 | R131: 54/50 | S131: 5 | T131: 400 | U131: 6500 | V131: 15000 | W131: 220-240 | Y131: 130 | AK131: 133 | AW131: 133 | AX131: LED High Bay | AY131: BY698P G5LED150/NW PSU WB GM | AZ131: Philips | BA131: Round | BB131: 290 | BC131: 88 | BD131: 15000 | BE131: 4000 | BF131: 75000 | BG131: 220-240
M132: 133 | N132: LED Spot Light | O132: LPMR16D5036 8W/927 12V GU5.310X1KSAOSRAM | P132: Osram | Q132: GU5.3 | R132: 46/51 | S132: 8 | T132: 605 | U132: 2700 | V132: 25000 | W132: 220-240 | Y132: 131 | AK132: 134 | AW132: 134 | AX132: LED High Bay | AY132: BY698P G5LED200/NW PSU WB GM | AZ132: Philips | BA132: Round | BB132: 330 | BC132: 121 | BD132: 20500 | BE132: 4000 | BF132: 75000 | BG132: 220-240
M133: 134 | N133: LED Spot Light | O133: LPPAR165036 5.5W/927230VGU1010X1AR7KSAOSRAM | P133: Osram | Q133: GU10 | R133: 52/51 | S133: 5.5 | T133: 380 | U133: 2700 | V133: 25000 | W133: 220-240 | Y133: 132 | AK133: 135 | AW133: 135 | AX133: LED High Bay | AY133: BY698P G5LED250/NW PSU WB GM | AZ133: Philips | BA133: Round | BB133: 393 | BC133: 144 | BD133: 25000 | BE133: 4000 | BF133: 75000 | BG133: 220-240
M134: 135 | N134: LED Spot Light | O134: LVPAR168036 7W/827230VGU1010X1AR7KSAOSRAM | P134: Osram | Q134: GU10 | R134: 52/50 | S134: 7 | T134: 630 | U134: 2700 | V134: 15000 | W134: 220-240 | Y134: 133 | AK134: 136 | AW134: 136 | AX134: LED High Bay | AY134: BY698P G5LED300/NW PSU WB GM | AZ134: Philips | BA134: Round | BB134: 393 | BC134: 181 | BD134: 31000 | BE134: 4000 | BF134: 75000 | BG134: 220-240
M135: 136 | N135: LED Spot Light | O135: LVPAR165036 4.5W/827230VGU1010X1AR7KSAOSRAM | P135: Osram | Q135: GU10 | R135: 54/50 | S135: 4.5 | T135: 380 | U135: 2700 | V135: 15000 | W135: 220-240 | Y135: 134 | AK135: 137 | AW135: 137 | AX135: LED High Bay | AY135: BY698P G5LED105/CW PSU WB GM | AZ135: Philips | BA135: Round | BB135: 290 | BC135: 63 | BD135: 10500 | BE135: 6500 | BF135: 75000 | BG135: 220-240
M136: 137 | N136: LED Spot Light | O136: LVPAR165036 4.5W/840230VGU1010X1AR7KSAOSRAM | P136: Osram | Q136: GU10 | R136: 54/50 | S136: 4.5 | T136: 400 | U136: 4000 | V136: 15000 | W136: 220-240 | Y136: 135 | AK136: 138 | AW136: 138 | AX136: LED High Bay | AY136: BY698P G5LED150/CW PSU WB GM | AZ136: Philips | BA136: Round | BB136: 290 | BC136: 88 | BD136: 15000 | BE136: 6500 | BF136: 75000 | BG136: 220-240
M137: 138 | N137: LED Spot Light | O137: LVPAR165036 4.5W/865230VGU1010X1AR7KSAOSRAM | P137: Osram | Q137: GU10 | R137: 54/50 | S137: 4.5 | T137: 420 | U137: 6500 | V137: 15000 | W137: 220-240 | Y137: 136 | AK137: 139 | AW137: 139 | AX137: LED High Bay | AY137: BY698P G5LED200/CW PSU WB GM | AZ137: Philips | BA137: Round | BB137: 330 | BC137: 121 | BD137: 20500 | BE137: 6500 | BF137: 75000 | BG137: 220-240
...

Sheet Mnu
I1: FTL | J1: CFL | K1: Candle | L1: MH | M1: MV | N1: Incandescent | O1: Halogen | P1: HPS | Q1: LED_Tube | R1: LED_Spot_Light | S1: LED_Bulb | T1: LED_Panel_light | U1: LED_Downlight | V1: LED_Flood_Light | W1: LED_High_Bay | X1: LED_Street_Light | Y1: LED_Stick | Z1: LED_Candle_Light
D2: Conv Types | E2: LED Types | I2: {=_xlfn._xlws.FILTER(Old_Model_Registry!$B$2:$B$500,Old_Model_Registry!$C$2:$C$500=I$1)} -> Conv-FTL-T8-1.5M-1X-56W | J2: {=_xlfn._xlws.FILTER(Old_Model_Registry!$B$2:$B$500,Old_Model_Registry!$C$2:$C$500=J$1)} -> Conv-CFL-E27-1X-9W | K2: {=_xlfn._xlws.FILTER(Old_Model_Registry!$B$2:$B$500,Old_Model_Registry!$C$2:$C$500=K$1)} -> Conv-Candle-E14-1X-20W | L2: {=_xlfn._xlws.FILTER(Old_Model_Registry!$B$2:$B$500,Old_Model_Registry!$C$2:$C$500=L$1)} -> Conv-MH-E40-1X-70W | M2: {=_xlfn._xlws.FILTER(Old_Model_Registry!$B$2:$B$500,Old_Model_Registry!$C$2:$C$500=M$1)} -> Conv-MV-E40-1X-70W | N2: {=_xlfn._xlws.FILTER(Old_Model_Registry!$B$2:$B$500,Old_Model_Registry!$C$2:$C$500=N$1)} -> Conv-Incandescent-E27-1X-40W | O2: {=_xlfn._xlws.FILTER(Old_Model_Registry!$B$2:$B$500,Old_Model_Registry!$C$2:$C$500=O$1)} -> Conv-Halogen-Spot Light-1X-25W | P2: {=_xlfn._xlws.FILTER(Old_Model_Registry!$B$2:$B$500,Old_Model_Registry!$C$2:$C$500=P$1)} -> Conv-HPS-Flood Light-1X-100W | ... Z2: {=_xlfn._xlws.FILTER(Old_Model_Registry!$B$2:$B$500,Old_Model_Registry!$C$2:$C$500=Z$1)} -> LED_Candle_Light-E14-1X-9W
A3: FTL | B3: Fluorescent Tube Light | D3: FTL | E3: LED Tube | G3: Conv | I3: Conv-FTL-T8-1.5M-2X-56W | J3: Conv-CFL-E27-1X-10W | K3: Conv-Candle-E14-1X-40W | L3: Conv-MH-E40-1X-100W | M3: Conv-MV-E40-1X-80W | N3: Conv-Incandescent-E27-1X-60W | O3: Conv-Halogen-Spot Light-1X-40W | P3: Conv-HPS-Flood Light-1X-150W | Q3: LED_Tube-T8-1.5M-2X-30W | R3: LED_Spot_Light-Spot Light-1X-7W | S3: LED_Bulb-E27-1X-12W | T3: LED_Panel_light-60X60-1X-40W | U3: LED_Downlight-4''-1X-10W | V3: LED_Flood_Light-Flood Light-1X-100W | W3: LED_High_Bay-High Bay-1X-250W | X3: LED_Street_Light-Street Light-1X-200W | Y3: LED_Stick-E27-1X-12W | Z3: LED_Candle_Light-E14-1X-3W
A4: CFL | B4: Compact Fluorescent Light | D4: Halogen Spot Light | E4: LED Batten Light | G4: LED | I4: Conv-FTL-T8-1.5M-3X-56W | J4: Conv-CFL-E27-1X-12W | K4: Conv-Candle-E14-1X-30W | L4: Conv-MH-E40-1X-150W | M4: Conv-MV-E40-1X-175W | N4: Conv-Incandescent-E27-1X-100W | O4: Conv-Halogen-Spot Light-1X-50W | P4: Conv-HPS-Flood Light-1X-250W | Q4: LED_Tube-T8-1.5M-3X-30W | R4: LED_Spot_Light-Spot Light-1X-8W | S4: LED_Bulb-E27-1X-15W | T4: LED_Panel_light-60X60-1X-60W | U4: LED_Downlight-4''-1X-15W | V4: LED_Flood_Light-Flood Light-1X-150W | W4: LED_High_Bay-High Bay-1X-400W | X4: LED_Street_Light-Street Light-1X-250W | Y4: LED_Stick-E27-1X-15W | Z4: LED_Candle_Light-E14-1X-5W
A5: Halogen | B5: Halogen | D5: HPS | E5: LED Dampproof | I5: Conv-FTL-T8-1.5M-4X-56W | J5: Conv-CFL-E27-1X-13W | K5: Conv-Candle-E14-1X-5W | L5: Conv-MH-E40-1X-400W | M5: Conv-MV-Flood Light-1X-80W | N5: Conv-Incandescent-High Bay-1X-250W | O5: Conv-Halogen-Flood Light-1X-100W | P5: Conv-HPS-Flood Light-1X-400W | Q5: LED_Tube-T8-1.5M-4X-30W | R5: LED_Spot_Light-Spot Light-1X-9W | S5: LED_Bulb-E27-1X-20W | T5: LED_Panel_light-60X60-1X-80W | U5: LED_Downlight-6''-1X-20W | V5: LED_Flood_Light-Flood Light-1X-200W | W5: LED_High_Bay-High Bay-1X-30W | X5: LED_Street_Light-Street Light-1X-300W | Y5: LED_Stick- E27-1X-20W
A6: HPS | B6: High Pressure Sodium | D6: MV | E6: LED Stick | G6: Yes | I6: Conv-FTL-T12-1.2M-1X-40W | J6: Conv-CFL-E27-1X-15W | K6: Conv-Candle-E14-1x-10W | L6: Conv-MH-Flood Light-1X-70W | M6: Conv-MV-Flood Light-1X-250W | O6: Conv-Halogen-Flood Light-1X-150W | P6: Conv-HPS-Flood Light-1X-1000W | Q6: LED_Tube-T8-1.2M-1X-20W | S6: LED_Bulb-E40-1X-50W | T6: LED_Panel_light-60X60-1X-100W | U6: LED_Downlight-8''-1X-30W | V6: LED_Flood_Light-Flood Light-1X-250W | W6: LED_High_Bay-High Bay-1X-150W
A7: MV | B7: Mercury Vabor | E7: LED Bulb | G7: No | I7: Conv-FTL-T12-1.2M-2X-40W | J7: Conv-CFL-E27-1X-16W | K7: Conv-Candle-E14-1X-6W | L7: Conv-MH-Flood Light-1X-100W | M7: Conv-MV-Flood Light-1X-400W | O7: Conv-Halogen-Flood Light-1X-200W | P7: Conv-HPS-Street Light-1X-250W | Q7: LED_Tube-T8-1.2M-2X-20W | S7: LED_Bulb-E27-1X-25W | T7: LED_Panel_light-60X60-1X-72W | U7: LED_Downlight-8''-1X-40W | V7: LED_Flood_Light-Flood Light-1X-300W | W7: LED_High_Bay-High Bay-1X-190W
A8: Incandescent | B8: Incandescent | E8: LED Candle Light | I8: Conv-FTL-T12-1.2M-3X-40W | J8: Conv-CFL-E27-1X-18W | L8: Conv-MH-Flood Light-1X-400W | M8: Conv-MV-E40-1X-175W | O8: Conv-Halogen-Flood Light-1X-250W | P8: Conv-HPS-Street Light-1X-400W | Q8: LED_Tube-T8-1.2M-3X-20W | S8: LED_Bulb-E27-1X-35W | T8: LED_Panel_light-60X60-1X-96W | U8: LED_Downlight-8''-1X-35W | V8: LED_Flood_Light-Flood Light-1X-400W | W8: LED_High_Bay--1X-150W
A9: MH | B9: Metal Halide | E9: LED Spot Light | I9: Conv-FTL-T12-1.2M-4X-40W | J9: Conv-CFL-E27-1X-20W | L9: Conv-MH-Downlight-1X-70W | M9: Conv-MV-E40-1X-110W | O9: Conv-Halogen-Flood Light-1X-300W | P9: Conv-HPS-High Bay-1X-250W | Q9: LED_Tube-T8-1.2M-4X-20W | S9: LED_Bulb-E28-1X-13W | T9: LED_Panel_light-60X60-1X-36W | U9: LED_Downlight-8''-1X-27W | V9: LED_Flood_Light--1X-40W | W9: LED_High_Bay--1X-400W
E10: LED High Watt Bulb | I10: Conv-FTL-T8-1.2M-1X-36W | J10: Conv-CFL-E27-1X-23W | L10: Conv-MH-Down Light-1X-150W | M10: Conv-MV-E40-1X-125W | O10: Conv-Halogen-Flood Light-1X-400W | P10: Conv-HPS-High Bay-1X-400W | Q10: LED_Tube-T8-1.2M-1X-18W | S10: LED_Bulb-E29-1X-7W | T10: LED_Panel_light-60X60-1X-45W | U10: LED_Downlight-4"-1X-12W | V10: LED_Flood_Light--1X-600W
E11: LED Stick | G11: Time | I11: Conv-FTL-T8-1.2M-2X-36W | J11: Conv-CFL-E27-1X-26W | L11: Conv-MH-E40-1X-35W | M11: Conv-MV-E40-1X-35W | O11: Conv-Halogen-Flood Light-1X-500W | P11: Conv-HPS-E40-1X-100W | Q11: LED_Tube-T8-1.2M-2X-18W | S11: LED_Bulb-Fanoos-52X-12W | T11: LED_Panel_light-60X60-1X-55W | U11: LED_Downlight-4"-1X-13W
B12: Under Review/ Not Approved | E12: LED Panel | G12: 0 | I12: Conv-FTL-T8-1.2M-3X-36W | J12: Conv-CFL-E27-1X-30W | L12: Conv-MH--1X-250W | M12: Conv-MV-E40-1X-40W | O12: Conv-Halogen-Flood Light-1X-600W | P12: Conv-HPS-Street Light-1X-70W | Q12: LED_Tube-T8-1.2M-3X-18W | S12: LED_Bulb-Fanoos-24X-12W | T12: LED_Panel_light-60X60-1X-50W | U12: LED_Downlight-6"-1X-16W
B13: Approved | E13: LED Surface Light | G13: 0.020833333 | I13: Conv-FTL-T8-1.2M-4X-36W | J13: Conv-CFL-E27-1X-40W | L13: Conv-MH--1X-1000W | M13: Conv-MV-E40-1X-50W | O13: Conv-Halogen-Flood Light-1X-1500W | P13: Conv-HPS-Street Light-1X-125W | Q13: LED_Tube-T8-1.2M-4X-18W | S13: LED_Bulb-Steplight-1X-8W | T13: LED_Panel_light-60*60-1X-20W | U13: LED_Downlight-6"-1X-22W
B14: Conditional Approval | E14: LED Down Light | G14: 0.041666667 | I14: Conv-FTL-T12-0.6M-1X-20W | J14: Conv-CFL-E40-1X-42W | L14: Conv-MH--1X-800W | M14: Conv-MV-E40-1X-55W | O14: Conv-Halogen-Flood Light-1X-2000W | P14: Conv-HPS-Street Light-1X-150W | Q14: LED_Tube-T8-0.6M-1X-20W | S14: LED_Bulb-Lutch Light-1X-20W | T14: LED_Panel_light-60*60-1X-30W | U14: LED_Downlight-8"-1X-24W
A15: No Replacement | B15: No-Retrofit | E15: LED Flood Light | G15: 0.0625 | I15: Conv-FTL-T12-0.6M-2X-20W | J15: Conv-CFL-E40-1X-60W | L15: Conv-MH-E40 High Bay-1X-200W | M15: Conv-MV-Street Light-1X-150W | O15: Conv-Halogen-Flood Light-1X-70W | P15: Conv-HPS-Street Light-1X-600W | Q15: LED_Tube-T8-0.6M-2X-20W | S15: LED_Bulb-Floor Light-1X-50W | T15: LED_Panel_light-120*60-1X-72W | U15: LED_Downlight-8"-1X-60W
E16: LED Street Light | G16: 0.083333333 | I16: Conv-FTL-T12-0.6M-3X-20W | J16: Conv-CFL-E40-1X-65W | L16: Conv-MH-Bulb E27-1X-35W | M16: Conv-MV-E27-Bulb-1X-60W | O16: Conv-Halogen-6"-1X-200W | P16: Conv-HPS-Street Light-1X-200W | Q16: LED_Tube-T8-0.6M-3X-20W | S16: LED_Bulb-HQL-1X-40W | T16: LED_Panel_light-60x60-1X-68W | U16: LED_Downlight-4"-1X-26W
E17: LED High Bay | G17: 0.10416667 | I17: Conv-FTL-T12-0.6M-4X-20W | J17: Conv-CFL-E40-1X-80W | L17: Conv-MH-Street Light-1X-250W | O17: Conv-Halogen-6"-1X-30W | Q17: LED_Tube-T8-0.6M-4X-20W | S17: LED_Bulb-E27-1X-50W | U17: LED_Downlight-6"-1X-15W
G18: 0.125 | I18: Conv-FTL-T8-0.6M-1X-18W | J18: Conv-CFL-2Pin-2X-23W | L18: Conv-MH-Street Light-1X-400W | O18: Conv-Halogen-6"-1X-28W | Q18: LED_Tube-T8-0.6M-1X-18W | S18: LED_Bulb--20X-12W | U18: LED_Downlight-6"-1X-12W
E19: Lamp Type | F19: lm/watt | G19: 0.14583333 | I19: Conv-FTL-T8-0.6M-2X-18W | J19: Conv-CFL-2Pin-2X-26W | L19: Conv-MH-FloodLight-1X-65W | O19: Conv-Halogen-6"-1X-60W | Q19: LED_Tube-T8-0.6M-2X-18W | S19: LED_Bulb--1X-18W | U19: LED_Downlight-8"-1X-18W
E20: FTL | F20: 50 | G20: 0.16666667 | I20: Conv-FTL-T8-0.6M-3X-18W | J20: Conv-CFL-2Pin-1X-13W | L20: Conv-MH-HQL-E40-1X-400W | O20: Conv-Halogen-6"-1X-100W | Q20: LED_Tube-T8-0.6M-3X-18W | S20: LED_Bulb--1X-30W | U20: LED_Downlight-3"-1X-10W
E21: CFL | F21: 50 | G21: 0.1875 | I21: Conv-FTL-T8-0.6M-4X-18W | J21: Conv-CFL-2Pin-1X-18W | L21: Conv-MH-High Bay-1X-400W | O21: Conv-Halogen--1X-35W | Q21: LED_Tube-T8-0.6M-4X-18W | S21: LED_Bulb- E27-1X-24W | U21: LED_Downlight-3"-1X-4.5W
E22: Candle | F22: 10 | G22: 0.20833333 | I22: Conv-FTL-T5-1.5M-1X-35W | J22: Conv-CFL-2Pin-1X-24W | L22: Conv-MH-FloodLight-1X-400W | O22: Conv-Halogen-E27-1X-100W | Q22: Conv-LED_Tube-T8-1.2M-3X-36W | S22: LED_Bulb- E27-1X-40W | U22: LED_Downlight-3"-1X-7W
A23: Output lumen consideration for baseline type | E23: MH | F23: 50 | G23: 0.22916667 | I23: Conv-FTL-T5-1.5M-2X-35W | J23: Conv-CFL-2Pin-1X-26W | L23: Conv-MH-HQL-E40-1X-250W | O23: Conv-Halogen-Spot Light-1X-20W | Q23: LED_Tube-T8-0.6M-4X-10W | S23: LED_Bulb-E27-1X-18W | U23: LED_Downlight-6"-1X-18W
A24: Sr. No. | B24: Type | C24: lm/watt | E24: MV | F24: 35 | G24: 0.25 | I24: Conv-FTL-T5-1.5M-3X-35W | J24: Conv-CFL-4Pin-1X-18W | L24: Conv-MH-High Bay-1X-100W | O24: Conv-Halogen-DL Celinder-1X-100W | Q24: LED_Tube-T8-1.2M-2X-60W | S24: LED_Bulb-E27-1X-30W | U24: LED_Downlight-surface 10"-1X-20W
A25: 1 | B25: Metal Halide/High Pressure Sodium | C25: 50 | E25: Incandescent | F25: 10 | G25: 0.27083333 | I25: Conv-FTL-T5-1.5M-4X-35W | J25: Conv-CFL-4Pin-1X-26W | O25: Conv-Halogen-High Bay-1X-100W | Q25: LED_Tube--0.6M-2X-10W | S25: LED_Bulb-E27-1X-20W | U25: LED_Downlight-surface 10"-1X-35W
A26: 2 | B26: Mercury Vapour | C26: 35 | E26: Halogen | F26: 10 | G26: 0.29166667 | I26: Conv-FTL-T5-1.2M-1X-28W | J26: Conv-CFL-4Pin-1X-110W | O26: Conv-Halogen-FloodLight-1X-200W | Q26: LED_Tube--0.6M-1X-10W | S26: LED_Bulb-E27-1X-24W | U26: LED_Downlight-surface 8"-1X-18W
A27: 3 | B27: Fluorescent | C27: 50 | E27: HPS | F27: 50 | G27: 0.3125 | I27: Conv-FTL-T5-1.2M-2X-28W | J27: Conv-CFL-4Pin-1X-13W | Q27: LED_Tube-T20-0.6M-1X-30W | S27: LED_Bulb-E27-1X-50W | U27: LED_Downlight-Square-10*10-1X-8W
A28: 4 | B28: Incandecent/Filament | C28: 10 | E28: LED_Tube | F28: 75 | G28: 0.33333333 | I28: Conv-FTL-T5-1.2M-3X-28W | J28: Conv-CFL-4Pin-1X-24W | Q28: LED_Tube-T20-0.6M-1X-34W | S28: LED_Bulb-HQL-E27-1X-250W | U28: LED_Downlight-Square-12in-1X-17W
A29: 5 | B29: Halogen-General | C29: 10 | E29: LED_Spot_Light | F29: 70 | G29: 0.35416667 | I29: Conv-FTL-T5-1.2M-4X-28W | J29: Conv-CFL-4Pin-1X-27W | Q29: LED_Tube-T8-1.2M-3X-22W | S29: LED_Bulb-HQL-E27-1X-80W | U29: LED_Downlight-Square-17in-1X-22W
A30: 6 | B30: Halogen-Streetlight/Floodlight/Highbay | C30: 15 | E30: LED_Bulb | F30: 75 | G30: 0.375 | I30: Conv-FTL-T5-0.6M-1X-14W | J30: Conv-CFL-4Pin-1X-28W | Q30: LED_Tube-T8-1.2M-2X-22W | S30: LED_Bulb-HQL-E27-1X-125W | U30: LED_Downlight-Surface-12in-1X-30W
A31: 7 | B31: LED-Spotlight | C31: 70 | E31: LED_Panel_light | F31: 75 | G31: 0.39583333 | I31: Conv-FTL-T5-0.6M-2X-14W | J31: Conv-CFL-4Pin-1X-35W | Q31: LED_Tube-T8-1.2M-2X-50W | S31: LED_Bulb-HQL-E40-1X-250W | U31: LED_Downlight-8in-1X-15W
A32: 8 | B32: LED-General | C32: 75 | E32: LED_Downlight | F32: 75 | G32: 0.41666667 | I32: Conv-FTL-T5-0.6M-3X-14W | J32: Conv-CFL-4Pin-1X-55W | Q32: LED_Tube-T8-1.2M-8X-50W | S32: LED_Bulb-HW-E27-1X-100W | U32: LED_Downlight-Surface 6in-1X-18W
A33: 9 | B33: LED-Streetlight/Floodlight/Highbay | C33: 80 | E33: LED_Flood_Light | F33: 80 | G33: 0.4375 | I33: Conv-FTL-T5-0.6M-4X-14W | J33: Conv-CFL-E27-1X-11W | Q33: LED_Tube-T8-1.2M-1X-50W | S33: LED_Bulb-E27-1X-10W | U33: LED_Downlight-Surface 6in-1X-20W
E34: LED_High_Bay | F34: 80 | G34: 0.45833333 | I34: Conv-FTL--0.6M-2X-22W | J34: Conv-CFL-E27-1X-70W | Q34: LED_Tube-T8-1.2M-6X-50W | U34: LED_Downlight-Surface 8in-1X-30W
E35: LED_Street_Light | F35: 80 | G35: 0.47916667 | I35: Conv-FTL--0.6M-1X-10W | J35: Conv-CFL-E27-2X-100W | Q35: LED_Tube-T8-1.2M-3X-50W | U35: LED_Downlight-4"-1X-10W
A36: Source Type | E36: LED_Stick | F36: 75 | G36: 0.5 | I36: Conv-FTL-T8-1.2M-2X-22W | J36: Conv-CFL-E27-2X-18W | Q36: LED_Tube-T8-1.2M-4X-50W | U36: LED_Downlight-6"-1X-30W
A37: Sr. No. | B37: Type | E37: LED_Candle_Light | F37: 70 | G37: 0.52083333 | I37: Conv-FTL-T8-1.2M-3X-48W | J37: Conv-CFL-Table Light-1X-40W | Q37: LED_Tube-T8-1.2M-11X-20W
A38: 1 | B38: MH | E38: Add more types here | G38: 0.54166667 | I38: Conv-FTL-T8-1.2M-1X-60W | J38: Conv-CFL-Lock-0X-0W | Q38: LED_Tube-T8-1.2M-2X-50W
A39: 2 | B39: HPSV | G39: 0.5625 | I39: Conv-FTL-T8-1.2M-1X-18W | J39: Conv-CFL-E27-2X-48W | Q39: LED_Tube-T5-1.5m2X-37W
A40: 3 | B40: Mercury Vapour | G40: 0.58333333 | I40: Conv-FTL-T8-0.6M-1X-20W | J40: Conv-CFL-Exit Light-1X-8W | Q40: LED_Tube-T8-0.6M-1X-14W
A41: 4 | B41: CFL | G41: 0.60416667 | I41: Conv-FTL-T8-1.2M-1X-20W | J41: Conv-CFL-Footlamp-1X-18W | Q41: LED_Tube-T8-1.2M-1X-14W
A42: 5 | B42: Incadesent | G42: 0.625 | I42: Conv-FTL-T8-1.2M-1X-28W | J42: Conv-CFL-12" Downlight-1X-80W | Q42: LED_Tube-T8-1.2M-1X-24W
A43: 6 | B43: Halogen | G43: 0.64583333 | I43: Conv-FTL-T8-0.6M-1X-36W | J43: Conv-CFL-Downlight -2X-36W | Q43: LED_Tube-T8-1.2M-1X-30W
A44: 7 | B44: Flouresent Tube Light | G44: 0.66666667 | I44: Conv-FTL-T8-0.6M-1X-40W | J44: Conv-CFL-Pole Lamp-1X-100W
A45: 8 | B45: LED | G45: 0.6875 | I45: Conv-FTL-T8-1.2M-1X-40W | J45: Conv-CFL-12" -3X-26W
A46: 9 | B46: others.. | G46: 0.70833333 | I46: Conv-FTL-T8-1.2M-1X-24W | J46: Conv-CFL--3X-12W
G47: 0.72916667 | I47: Conv-FTL-T8-1.2M-1X-14W | J47: Conv-CFL--2X-20W
G48: 0.75 | I48: Conv-FTL-T8-1.2M-1X-16W | J48: Conv-CFL--2X-28W
G49: 0.77083333 | J49: Conv-CFL-12" E27-3X-15W
G50: 0.79166667 | J50: Conv-CFL--2X-12W
G51: 0.8125 | J51: Conv-CFL-Bulb E27-1X-14W
G52: 0.83333333 | J52: Conv-CFL-E27-Street-1X-40W
G53: 0.85416667 | J53: Conv-CFL-E27-1X-35W
G54: 0.875 | J54: Conv-CFL-E27-1X-35W
G55: 0.89583333
G56: 0.91666667
G57: 0.9375
G58: 0.95833333
G59: 0.97916667
G60: 0.99998843

Sheet DataCheck
